-- phpMyAdmin SQL Dump
-- version 4.0.4.1
-- http://www.phpmyadmin.net
--
-- Host: localhost
-- Generation Time: Nov 16, 2014 at 02:26 PM
-- Server version: 10.0.14-MariaDB-log
-- PHP Version: 5.3.29

SET SQL_MODE = "NO_AUTO_VALUE_ON_ZERO";
SET time_zone = "+00:00";


/*!40101 SET @OLD_CHARACTER_SET_CLIENT=@@CHARACTER_SET_CLIENT */;
/*!40101 SET @OLD_CHARACTER_SET_RESULTS=@@CHARACTER_SET_RESULTS */;
/*!40101 SET @OLD_COLLATION_CONNECTION=@@COLLATION_CONNECTION */;
/*!40101 SET NAMES utf8 */;

--
-- Database: `lalitpat_vatsalya`
--
CREATE DATABASE IF NOT EXISTS `lalitpat_vatsalya` DEFAULT CHARACTER SET latin1 COLLATE latin1_swedish_ci;
USE `lalitpat_vatsalya`;

-- --------------------------------------------------------

--
-- Table structure for table `aanganvadi`
--

CREATE TABLE IF NOT EXISTS `aanganvadi` (
  `id` int(11) unsigned NOT NULL AUTO_INCREMENT,
  `aanganvadi_name` varchar(50) DEFAULT NULL,
  `taluka_id` int(11) NOT NULL,
  `jilla_id` int(11) NOT NULL,
  `gaam_id` int(11) NOT NULL,
  `aanganvadi_number` varchar(255) NOT NULL,
  `place` text NOT NULL,
  `address` text NOT NULL,
  `karyakar_name` varchar(255) NOT NULL,
  `karyakar_number` varchar(255) NOT NULL,
  `tedagara_name` varchar(255) NOT NULL,
  `tedagara_number` varchar(255) NOT NULL,
  `password` varchar(255) NOT NULL,
  `is_active` tinyint(1) NOT NULL,
  `created_at` datetime NOT NULL,
  PRIMARY KEY (`id`),
  UNIQUE KEY `aanganvadi_number` (`aanganvadi_number`)
) ENGINE=InnoDB  DEFAULT CHARSET=utf8 AUTO_INCREMENT=6 ;

--
-- Dumping data for table `aanganvadi`
--

INSERT INTO `aanganvadi` (`id`, `aanganvadi_name`, `taluka_id`, `jilla_id`, `gaam_id`, `aanganvadi_number`, `place`, `address`, `karyakar_name`, `karyakar_number`, `tedagara_name`, `tedagara_number`, `password`, `is_active`, `created_at`) VALUES
(1, 'પરબડા-03', 4, 2, 439, '84', 'પરબડા', 'પાણી ની ટાંકી, પરબડા, હિંમતનગર', 'જોષી ગીતાબેન સી', '9429237659', 'સુથાર કલાવતીબેન અેચ', '9879030149', '123', 0, '2014-11-07 09:20:47'),
(2, 'smit', 1, 1, 1, '5025', 'Baroda', 'Vasna', 'Sanjay', '2147483647', 'Jay', '2147483647', '123456', 0, '2014-11-08 05:50:32'),
(3, 'ધનસુરા આંગણવાડી-03', 3, 1, 300, '03', 'ધનસુરા બસ સ્ટેસન પાસે ', 'Dhansura', 'અશોકભાઈ ', '9227487416', 'મહેશ', '79652508700', '1234', 0, '2014-11-08 10:30:38'),
(4, 'બયદ૧', 1, 1, 1, '123', 'ગ્ય્હગ્સ્દ', 'હ્દજ્સ્ગસ્દ્જ્ક બ્જક્ફ્દ્વ ', 'ભીખી', '૯૮૭૫૫૪૩૪૩૪', 'સખી', '૯૮૪૭૪૬૪૬૫૬', '123', 0, '2014-11-09 17:30:49'),
(5, 'smit2', 1, 1, 1, '123456', 'Vadodra', 'Vasna Road', 'test', '3232323232', 'test', '4343434343', '123456', 0, '2014-11-09 17:52:57');

-- --------------------------------------------------------

--
-- Table structure for table `attendance`
--

CREATE TABLE IF NOT EXISTS `attendance` (
  `attendance_id` int(11) NOT NULL AUTO_INCREMENT,
  `attendance` text NOT NULL COMMENT 'json string with childrenid and presents',
  `attendance_date` date NOT NULL,
  `first_photo` varchar(255) NOT NULL,
  `second_photo` varchar(255) NOT NULL,
  `created_date` datetime NOT NULL,
  `aanganvadi_id` int(11) NOT NULL,
  PRIMARY KEY (`attendance_id`)
) ENGINE=InnoDB  DEFAULT CHARSET=utf8 AUTO_INCREMENT=15 ;

--
-- Dumping data for table `attendance`
--

INSERT INTO `attendance` (`attendance_id`, `attendance`, `attendance_date`, `first_photo`, `second_photo`, `created_date`, `aanganvadi_id`) VALUES
(5, '[{"user_id":42,"present":1}]', '2014-11-08', '', '', '0000-00-00 00:00:00', 2),
(6, '[{"user_id":42,"present":1}]', '2014-11-09', '', '', '0000-00-00 00:00:00', 2),
(7, '[{"user_id":42,"present":1}]', '2014-11-09', '', '', '0000-00-00 00:00:00', 2),
(8, '[{"user_id":42,"present":1}]', '2014-11-09', '', '', '0000-00-00 00:00:00', 2),
(9, '[{"user_id":42,"present":1}]', '2014-11-09', '1415552104_logo2.jpg', '', '0000-00-00 00:00:00', 2),
(10, '[{"user_id":42,"present":1}]', '2014-11-09', '1415552508_1415515406821.png', '', '0000-00-00 00:00:00', 2),
(11, '[{"user_id":42,"present":1},{"user_id":48,"present":0}]', '2014-11-09', '1415556864_1415556833845.png', '', '0000-00-00 00:00:00', 5),
(12, '[{"user_id":42,"present":0},{"user_id":48,"present":0},{"user_id":54,"present":1}]', '2014-11-10', '1415581757_1415581512477.png', '1415581757_1415581558674.png', '0000-00-00 00:00:00', 3),
(13, '[{"user_id":42,"present":0},{"user_id":48,"present":0},{"user_id":54,"present":0},{"user_id":61,"present":0},{"user_id":78,"present":0},{"user_id":84,"present":0},{"user_id":254,"present":0},{"user_id":113,"present":0},{"user_id":114,"present":1},{"user_id":115,"present":0},{"user_id":116,"present":0},{"user_id":117,"present":1},{"user_id":432,"present":1},{"user_id":347,"present":1},{"user_id":550,"present":1},{"user_id":372,"present":1},{"user_id":618,"present":1},{"user_id":619,"present":1},{"user_id":603,"present":1},{"user_id":604,"present":1},{"user_id":682,"present":1}]', '2014-11-12', '1415798762_1415798805629.png', '1415798762_1415798819911.png', '0000-00-00 00:00:00', 1),
(14, '[{"user_id":42,"present":1},{"user_id":48,"present":1},{"user_id":54,"present":1},{"user_id":61,"present":1},{"user_id":78,"present":1},{"user_id":84,"present":1},{"user_id":254,"present":1},{"user_id":113,"present":1},{"user_id":114,"present":0},{"user_id":115,"present":1},{"user_id":116,"present":1},{"user_id":117,"present":0},{"user_id":432,"present":0},{"user_id":347,"present":0},{"user_id":550,"present":0},{"user_id":372,"present":0},{"user_id":618,"present":0},{"user_id":619,"present":0},{"user_id":603,"present":0},{"user_id":604,"present":0},{"user_id":682,"present":0}]', '2014-11-12', '1415799241_1415799251134.png', '', '0000-00-00 00:00:00', 1);

-- --------------------------------------------------------

--
-- Table structure for table `ci_cookies`
--

CREATE TABLE IF NOT EXISTS `ci_cookies` (
  `id` int(11) NOT NULL AUTO_INCREMENT,
  `cookie_id` varchar(255) CHARACTER SET utf8 DEFAULT NULL,
  `netid` varchar(255) CHARACTER SET utf8 DEFAULT NULL,
  `ip_address` varchar(255) CHARACTER SET utf8 DEFAULT NULL,
  `user_agent` varchar(255) CHARACTER SET utf8 DEFAULT NULL,
  `orig_page_requested` varchar(120) CHARACTER SET utf8 DEFAULT NULL,
  `php_session_id` varchar(40) CHARACTER SET utf8 DEFAULT NULL,
  `created_at` datetime DEFAULT NULL,
  `updated_at` datetime DEFAULT NULL,
  PRIMARY KEY (`id`)
) ENGINE=InnoDB DEFAULT CHARSET=latin1 AUTO_INCREMENT=1 ;

-- --------------------------------------------------------

--
-- Table structure for table `ci_sessions`
--

CREATE TABLE IF NOT EXISTS `ci_sessions` (
  `session_id` varchar(40) CHARACTER SET utf8 NOT NULL DEFAULT '0',
  `ip_address` varchar(45) CHARACTER SET utf8 NOT NULL DEFAULT '0',
  `user_agent` varchar(120) CHARACTER SET utf8 NOT NULL,
  `last_activity` int(10) unsigned NOT NULL DEFAULT '0',
  `user_data` text CHARACTER SET utf8 NOT NULL,
  PRIMARY KEY (`session_id`),
  KEY `last_activity_idx` (`last_activity`)
) ENGINE=MyISAM DEFAULT CHARSET=latin1;

--
-- Dumping data for table `ci_sessions`
--

INSERT INTO `ci_sessions` (`session_id`, `ip_address`, `user_agent`, `last_activity`, `user_data`) VALUES
('fa5c2188da271c4ab57a41bb17bdbe19', '123.201.173.12', 'Mozilla/5.0 (Macintosh; Intel Mac OS X 10.9; rv:33.0) Gecko/20100101 Firefox/33.0', 1416146791, 'a:10:{s:9:"user_name";s:5:"admin";s:12:"is_logged_in";b:1;s:8:"is_admin";b:1;s:7:"user_id";i:1;s:14:"jilla_selected";N;s:15:"taluka_selected";N;s:13:"gaam_selected";N;s:22:"search_string_selected";N;s:5:"order";N;s:10:"order_type";N;}');

-- --------------------------------------------------------

--
-- Table structure for table `gaam`
--

CREATE TABLE IF NOT EXISTS `gaam` (
  `id` int(11) unsigned NOT NULL AUTO_INCREMENT,
  `name` varchar(50) DEFAULT NULL,
  `name_guj` varchar(255) DEFAULT NULL,
  `taluka_id` int(11) NOT NULL,
  PRIMARY KEY (`id`)
) ENGINE=InnoDB  DEFAULT CHARSET=utf8 AUTO_INCREMENT=1450 ;

--
-- Dumping data for table `gaam`
--

INSERT INTO `gaam` (`id`, `name`, `name_guj`, `taluka_id`) VALUES
(1, 'BAYAD', 'બાયડ', 1),
(2, 'Fatepur', 'ફતેપુર', 1),
(3, 'Jitpur(sa)', 'જોરાજીની મુવાડી', 1),
(4, 'Hamirpur', 'હમીરપુર', 1),
(5, 'Ratanpur', 'રતનપુર', 1),
(6, 'AMARGADH', 'અમરગઢ', 1),
(7, 'Narmiyanimuvadi', 'નારમિયા ની મુવાડી', 1),
(8, 'Dolpur(Ramas)', 'દોલપુર (રમાસ)', 1),
(9, 'AMBAGAM', 'આંબાગામ', 1),
(10, 'Kotda', 'કોટડા', 1),
(11, 'AMBLIYARA', 'આંબલીયારા', 1),
(12, 'AMIYAPUR', 'અમીયાપુર', 1),
(13, 'AMODARA', 'અમોદરા', 1),
(14, 'BADARPURA', 'બાદરપુરા', 1),
(15, 'BHUKHEL', 'ભુખેલ', 1),
(16, 'Rugnathpur(Bhu)', 'રૂગનાથપુરા (ભૂ)', 1),
(17, 'BHUNDASAN', 'ભૂંડાશણ ', 1),
(18, 'BIBINIVAV', 'બીબીનીવાવ', 1),
(19, 'BORDI', 'બોરડી', 1),
(20, 'BOROL', 'બોરલ', 1),
(21, 'CHANDAREJ', 'ચાંદરેજ', 1),
(22, 'CHHABHAU', 'છભૌ', 1),
(23, 'CHOILA', 'ચોઈલા', 1),
(24, 'DABHA', 'ડાભા', 1),
(25, 'Bhajpur', 'ભજપુર', 1),
(26, 'Gulabpura', 'ગુલાબપુરા', 1),
(27, 'Fatepura', 'ફતેપુર', 1),
(28, 'Jodhapur', 'જોધપુર', 1),
(29, 'Manpur', 'માનપુર', 1),
(30, 'DAHEGAMDA', 'દેગામડા', 1),
(31, 'DAKHANESHVAR', 'દખનેસ્વર ', 1),
(32, 'DEMAI', 'ડેમાઈ', 1),
(33, 'DEROLI', 'દેરોલી', 1),
(34, 'DESAIPURA KAMPO', 'દેસાઈપુરા કંપો', 1),
(35, 'desaipura', 'દેસાઈપુરા', 1),
(36, 'DHARAMADI VANTA', 'ધરમડી વાંટા', 1),
(37, 'Semaliya', 'સેમાલીયા', 1),
(38, 'FATA DHIRPURA', 'ફાટા ધીરપુરા', 1),
(39, 'GABAT', 'ગાબટ', 1),
(40, 'GANESHPURA (AMBALIYARA)', 'ગણેશપુરા(આંબલીયારા)', 1),
(41, 'Vankaneda', 'વાંકાનેડા', 1),
(42, 'Deriya', 'દેરીયા', 1),
(43, 'GOTAPUR', 'ગોતાપુર', 1),
(44, 'HATHIPURA', 'હાથીપુરા', 1),
(45, 'Narsela', 'નર્સેલા', 1),
(46, 'Khari', 'ખરી', 1),
(47, 'INDRAN', 'ઇન્દ્રન ', 1),
(48, 'JALAMPURA (SATHAMBA)', 'જાલમપુરા (સાઠંબા)', 1),
(49, 'Pagiya na muvada', 'પગીયા ના મુવાડા', 1),
(50, 'Dhom', 'ધોમ', 1),
(51, 'Takhatpura', 'તખતપુરા', 1),
(52, 'Dolpura', 'દોલપુર', 1),
(53, 'Kashiyavat', 'કશીયાવત', 1),
(54, 'Vajavat', 'વાજાવત', 1),
(55, 'JITPUR', 'જીતપુર', 1),
(56, 'Rugnathpura', 'રૂગનાથપુરા', 1),
(57, 'Lalpur', 'લાલપુર', 1),
(58, 'JUNAVADA', 'જુનાવાડા', 1),
(59, 'Sultanpur', 'સુલતાનપુર', 1),
(60, 'Paldi', 'પાલડી', 1),
(61, 'LALPUR (MOTA)', 'લાલપુર(મોટા)', 1),
(62, 'Jumatral', 'જુમાંત્રલ', 1),
(63, 'Hematral', 'હેમાંત્રલ', 1),
(64, 'LANK', 'લંક', 1),
(65, 'LIMB', 'લીંબ', 1),
(66, 'MADHAV KAMPO', 'માધવ કંપો', 1),
(67, 'MOTIPURA (SAVELA)', 'મોતીપુરા (સાવલીયા)', 1),
(68, 'Naganomath', 'નાગનોમઠ', 1),
(69, 'MUNJINA MUVADA', 'મુનજીના મુવાડા', 1),
(70, 'ODHA', 'ઓધા', 1),
(71, 'Kadaviya', 'કાદવિયા', 1),
(72, 'Jitpur(Ram)', 'જીવણપુર', 1),
(73, 'Ahmadpura', 'અહમેદ્પુરા', 1),
(74, 'Totu', 'તોતું', 1),
(75, 'Ajabpura', 'અજીબપુરા', 1),
(76, 'Kalajina Muvada', 'કાળજીના મુવાડા', 1),
(77, 'PATEL-NI-MUVADI', 'પટેલ  ની મુવાડી', 1),
(78, 'Patel na muvada ', 'પટેલ ના મુવાડા', 1),
(79, 'Mudiya', 'મૂળિયાં', 1),
(80, 'Vijayganj', 'વિજયગંજ', 1),
(81, 'Champlavat', 'ચમ્થાન', 1),
(82, 'Ganeshpur', 'ગણેશપુર', 1),
(83, 'PIPODARA', 'પીપોદરા', 1),
(84, 'Kojan', 'કોજન', 1),
(85, 'PRANTVEL', 'પ્રાંતવેલ', 1),
(86, 'RADODARA', 'રાડોદરા', 1),
(87, 'RAMAS', 'રામસ', 1),
(88, 'Alana', 'અલાના', 1),
(89, 'Vant', 'વંટ', 1),
(90, 'RANECHI', 'રનેચી', 1),
(91, 'RUPNAGAR', 'રૂપનગર', 1),
(92, 'Dolpur(Ga)', 'દોલપુર (ગ)', 1),
(93, 'Nabhela', 'નાભેલા', 1),
(94, 'Netrodiya', 'નેત્રોડીયા', 1),
(95, 'Dalputpura', 'દલપુતપુરા', 1),
(96, 'SARSOLI', 'સરસોલી', 1),
(97, 'SATHAMBA', 'સાઠંબા', 1),
(98, 'SIMLAJ', 'સીમલજ', 1),
(99, 'TALOD', 'તલોદ', 1),
(100, 'Savela', 'સવેલા', 1),
(101, 'Mahadevpura', 'મહાદેવપુરા', 1),
(102, 'TENPUR', 'તેનપુર', 1),
(103, 'UNTARDA', 'ઉંટરડા', 1),
(104, 'VAJEPURA KAMPO', 'વજેપુરા કંપો', 1),
(105, 'Vajepuragam', 'વાજેપુરગામ', 1),
(106, 'Jantral', 'જંત્રાલ', 1),
(107, 'Godnal', 'ગોદનલ', 1),
(108, 'VANTDA BAYAD', 'વાંટડા બાયડ', 1),
(109, 'Bibipura', 'બીબીપુરા', 1),
(110, 'Amrapur', 'અમરાપુર', 1),
(111, 'VARENA BOR TIMBA', 'વારેણા બોરટીમ્બા', 1),
(112, 'Bormath', 'બોરમાથ', 1),
(113, 'VASADARA', 'વસાદરા', 1),
(114, 'VASNA MOTA', 'વાસણા મોટા', 1),
(115, 'Vantadakavath', 'વાંટડાકવાથ', 1),
(116, 'VASNI', 'વાસણી', 1),
(117, 'Mathasuliya', 'માથાસુલિયા', 1),
(118, 'VASNIREL', 'વાસણી રેલ', 1),
(119, 'Sangal', 'સંગલ', 1),
(120, 'VATRAKGADH', 'વાત્રક્ગઢ', 1),
(121, 'Chamarpur', 'ચમારપુર', 1),
(122, 'Akodiya', 'અકોડીયા', 1),
(123, 'ZANKHARIYA', 'ઝાંખરીયા', 1),
(124, 'ADHERA', 'અધેરા', 2),
(125, 'GODH(KUSKI),', 'ગોધ (કુસ્કી)', 2),
(126, 'CHAPARA(KUSKI)', 'છાપરા (કુસ્કી)', 2),
(127, 'AMBABAR', 'આંબાબાર', 2),
(128, 'RAMPURI', 'રામપુરી', 2),
(129, 'PATIYAKUVA', 'પતીયાકુવા', 2),
(130, 'ANSOL', 'અનસોલ', 2),
(131, 'ODHA PAHADIYA', 'ઓઢા પહાડીયા', 2),
(132, 'PAHADIYA', 'પહાડીયા', 2),
(133, 'BAMNA', 'બામણા', 2),
(134, 'BHANMER', 'ભાણમેર', 2),
(135, 'BHATERA', 'ભાટેરા', 2),
(136, 'BHAVANPUR', 'ભવાનપુર', 2),
(137, 'BHETALI', 'ભેટાલી', 2),
(138, 'NAVABHETALI', 'નાવાભેટલી', 2),
(139, 'KARNPUR', 'કરનપુર', 2),
(140, 'VASAI', 'વસાઈ', 2),
(141, 'BHILODA', 'ભીલોડા', 2),
(142, 'BHUTAVAD', 'ભૂતવડ', 2),
(143, 'BOLUNDRA', 'બોલુન્દ્રા', 2),
(144, 'MATH', 'મઠ', 2),
(145, 'BUDHELI', 'બુધેલી', 2),
(146, 'AJITPURA', 'અજીતપુર', 2),
(147, 'BUDHARASAN', 'બુધરાસણ', 2),
(148, 'DHARASAN', 'ધરાસણ', 2),
(149, 'CHITARIYA', 'ચિતારીયા', 2),
(150, 'PANCHMAHUDI', 'પાંચમહુડી', 2),
(151, 'JAMBUDI', 'જાંબુડી', 2),
(152, 'VASAYA', 'વાસ્યા', 2),
(153, 'CHORIMALA', 'ચોરીમાલા', 2),
(154, 'JINJODI', 'જીનજોડી', 2),
(155, 'DAHGAMDA', 'દેગામડા', 2),
(156, 'LAXMIPURA', 'લક્ષ્મીપુરા', 2),
(157, 'DEVNI MORI', 'દેવની મોરી', 2),
(158, 'RAMPURMORI', 'રામપુર મોરી', 2),
(159, 'PADARADI', 'પાદરડી', 2),
(160, 'DHAMBOLIYA', 'ધામ્બોલીયા', 2),
(161, 'GADHIYA', 'ગઢીયા', 2),
(162, 'DHANDHASAN', 'ધંધાસણ', 2),
(163, 'DHANSOR', 'ધનસોર', 2),
(164, 'DHOLVANI', 'ધોલવાણી', 2),
(165, 'SILASAN', 'સિલાસન', 2),
(166, 'DHULETA', 'ધુલેટા', 2),
(167, 'VANTADI', 'વાન્તાડી', 2),
(168, 'GALI SEMRO', 'ગલી સેમરો', 2),
(169, 'HATHROL', 'હાથરોલ', 2),
(170, 'JAYALA', 'જાયલા', 2),
(171, 'KALYANPUR', 'કલ્યાણપુર', 2),
(172, 'BAVANIYAPAL', 'બવાનીયાપાલ', 2),
(173, 'VAJAPUR', 'વજાપુર', 2),
(174, 'JESINGPUR', 'જેસીંગપુર', 2),
(175, 'MOTA DODISARA', 'મોટા ડોડીસરા', 2),
(176, 'NANA DODISARA', 'નાના ડોડીસરા', 2),
(177, 'JUMSAR', 'જુમસર', 2),
(178, 'CHAPARA', 'છાપરા', 2),
(179, 'KAGDA MAHUDA', 'કાગડા મહુડા', 2),
(180, 'SARKILIMADI', 'સર્કીલીમડી', 2),
(181, 'KUNDOL(DHEHGAMADA)', 'કુંડોલ (દેહગામડા)', 2),
(182, 'KHALVAD', 'ખલવાડ', 2),
(183, 'KHERADI', 'ખરેડી', 2),
(184, 'HARADASPUR', 'હરદાસપુર', 2),
(185, 'KHERANCHA', 'ખેરંચા', 2),
(186, 'MERAVADA', 'મેરવાડા', 2),
(187, 'KHILODA', 'ખીલોડા', 2),
(188, 'SHOBHAYADA', 'શોભાયાળા', 2),
(189, 'KHODAMBA', 'ખોડંબા', 2),
(190, 'KHUMAPUR', 'ખુમાપુર', 2),
(191, 'CHIBHODA', 'ચીભોડા', 2),
(192, 'KALEKHA', 'કલેખા', 2),
(193, 'KISHANGADH', 'કિશનગઢ', 2),
(194, 'KUNDOL (PAL)', 'કુંડોલ (પાલ)', 2),
(195, 'KUSKI', 'કુસ્કી', 2),
(196, 'LILCHHA', 'લીલછા', 2),
(197, 'LUSADIYA', 'લુસડીયા', 2),
(198, 'SAMRAN', 'સમરન', 2),
(199, 'MALASA', 'માલસા', 2),
(200, 'BEDASAN', 'બેદાસન', 2),
(201, 'MANKDI', 'માંકડી', 2),
(202, 'SANGAR', 'સંગર', 2),
(203, 'SHIHOLI', 'શિહોલી', 2),
(204, 'MAU (NAVALPUR)', 'મઉ  (નવલપુર)', 2),
(205, 'MEDI TIMBA', 'મેડી ટીંબા', 2),
(206, 'NOKHI', 'નોખી', 2),
(207, 'KHAPARETA', 'ખાપરેતા', 2),
(208, 'NARODA', 'નરોડા', 2),
(209, 'LOKHAN', 'લોખન', 2),
(210, 'DESAN', 'દેસાન', 2),
(211, 'MERU (BHETALI)', 'મેરૂ (ભેતાલી)', 2),
(212, 'ABHAPUR', 'અભાપુર', 2),
(213, 'JASAVATPURA', 'જસવંતપુરા', 2),
(214, 'MOTA KANTHARIYA', 'મોટા કંથારીયા', 2),
(215, 'MOTA SAMERA', 'મોટા સમેરા', 2),
(216, 'NANASAMERA', 'નાનાસમેરા', 2),
(217, 'KADVATHA', 'કદવાથા', 2),
(218, 'MOTI BEBAR', 'મોટી બેબર', 2),
(219, 'JANALI', 'જનાલી', 2),
(220, 'MUNAI', 'મુનાઈ', 2),
(221, 'NANA KANTHARIYA', 'નાના કંથારીયા', 2),
(222, 'NANDOJ', 'નાન્દોજ', 2),
(223, 'MOJARI', 'મોજરી', 2),
(224, 'CHIBHARIYATA', 'ચીભારીયતા', 2),
(225, 'NANI BEBAR', 'નાની બેબર', 2),
(226, 'NAPDA (KHALSA)', 'નાપડા (ખાલસા)', 2),
(227, 'NAPADA(JAYALA)', 'નાપાળા(જયલા)', 2),
(228, 'NARANPUR', 'નારણપુર', 2),
(229, 'NARSOLI', 'નર્સોલી', 2),
(230, 'KALLEKA', 'કલ્લેકા', 2),
(231, 'ODA', 'ઓળ', 2),
(232, 'DHUNETA', 'ધુનેતા', 2),
(233, 'BORNALA', 'બોરનાલા', 2),
(234, 'PALLA', 'પાલ્લા', 2),
(235, 'RUDRAL', 'રૂદ્રાલ', 2),
(236, 'PUNASAN', 'પુનાસન', 2),
(237, 'RAISINGPUR', 'રાઈસીંગપુર', 2),
(238, 'RAJENDRANAGAR', 'રાજેન્દ્રનગર', 2),
(239, 'RAMERA', 'રમેરા', 2),
(240, 'RAVTAVADA', 'રાયાવાડા', 2),
(241, 'RANGPUR', 'રંગપુર', 2),
(242, 'KARCHA', 'કરચ', 2),
(243, 'SONASAN', 'સોનાસણ', 2),
(244, 'NAVAVENPUR', 'નાવવેનપુર', 2),
(245, 'VAKTAPUR', 'વક્તાપુર', 2),
(246, 'RAYPUR', 'રાયપુર', 2),
(247, 'HATHIYA', 'હથીયા', 2),
(248, 'RINTODA', 'રીનતોડા', 2),
(249, 'SHAMALAJI', 'શામળાજી', 2),
(250, 'RUDARDI', 'રૂદરડી', 2),
(251, 'BAHECHARPURA', 'બહેચરપુરા', 2),
(252, 'DOLPUR', 'દોલપુર', 2),
(253, 'SHAMALPUR', 'શામળપુર', 2),
(254, 'SUNOKH', 'સુનોખ', 2),
(255, 'VAGODAR', 'વાગોદર', 2),
(256, 'JALIYA', 'જાલીયા', 2),
(257, 'VASERA', 'વાસેરા', 2),
(258, 'GADADAR', 'ગડાદર', 2),
(259, 'SUNSAR', 'સુનસર', 2),
(260, 'TAKATUKA', 'ટાકાટુકા', 2),
(261, 'SHILADRI', 'શિલાદરી', 2),
(262, 'TORDA (JETPUR)', 'તોરડા (જેતપુર)', 2),
(263, 'PAHADA', 'પહાડા', 2),
(264, 'BAVANIYA', 'બવાનીયા', 2),
(265, 'UBSAL', 'ઉબસલ', 2),
(266, 'ANDHARIYA', 'અંધારિયા', 2),
(267, 'VAGHESHVARI', 'વાઘેશ્વરી', 2),
(268, 'INDARAPURA', 'ઇન્દારાપુરા', 2),
(269, 'VAGHPUR', 'વાગપુર', 2),
(270, 'HIMATPUR', 'હિમતપુર ', 2),
(271, 'VANDIYOL', 'વન્દીયોલ', 2),
(272, 'ASAL', 'અસલ', 2),
(273, 'SODPUR', 'સોડપુર', 2),
(274, 'BRAMPURI', 'બ્રમપુરી', 2),
(275, 'VAJAPUR(KHE)', 'વજાપુર (ખે)', 2),
(276, 'VANKA TIMBA', 'વાંકા ટીંબા', 2),
(277, 'VANKANER', 'વાંકાનેર', 2),
(278, 'VANSLI', 'વાંસળી', 2),
(279, 'MAKARODA', 'માંકરોડા', 2),
(280, 'VANZAR', 'વણઝાર', 2),
(281, 'RAMNAGAR', 'રામનગર', 2),
(282, 'VEJPUR', 'વેજપુર', 2),
(283, 'MALEKPUR', 'મલેકપુર', 2),
(284, 'GATI', 'ગતિ', 2),
(285, 'VENPUR', 'વેણપુર', 2),
(286, 'VIRPUR', 'વીરપુર', 2),
(287, 'AKARUND', 'આકરૂન્દ', 3),
(288, 'AMBASAR', 'અંબાસર', 3),
(289, 'Jaswantpura', 'જસવંતપુરા', 1),
(290, 'BARNOLI', 'બરનોલી', 3),
(291, 'BHENSAVADA', 'ભેંસાવાળા', 3),
(292, 'BILVANIYA', 'બીલવણીયા', 3),
(293, 'Karanpur', 'કરનપુર', 3),
(294, 'kesharpura', 'કેશરપુરા', 3),
(295, 'Sarki sarkhandi', 'સરકી સરખંડી', 3),
(296, 'BUTAL', 'બુટેલ', 3),
(297, 'DHAMANIYA', 'ધામણીયા', 3),
(298, 'Bhotudev no madh', 'ભોતુદેવ નો મધ', 3),
(299, 'Gadhda kot', 'ગઢોડા કોટ', 3),
(300, 'DHANSURA', 'ધનસુરા', 3),
(301, 'HARIPURA KAMPO', 'હરીપુરા કંપો', 3),
(302, 'Galal ni muvadi', 'ગલાલ ની મુવાડી', 3),
(303, 'Jalampura(nana)', 'જાલમપુરા (નાના)', 3),
(304, 'Kesharpurakampa', 'કેશરપુરાકંપા', 3),
(305, 'Khan. muvadi', 'ખાન.મુવાડી', 3),
(306, 'Nana', 'નાના', 3),
(307, 'HIRAPUR', 'હીરાપુર', 3),
(308, 'Panch kuhada', 'પાંચ કુહાડા', 3),
(309, 'HIRAPUR KAMPO', 'હીરાપુર કંપો', 3),
(310, 'Poyada', 'પોયડા', 3),
(311, 'JAMTHA', 'જામઠા', 3),
(312, 'Kanal', 'કનાલ', 3),
(313, 'Kajodiya', 'કજોડીયા', 3),
(314, 'Borvai', 'બોરવાઇ', 3),
(315, 'Chogamda', 'ચોગામડા', 3),
(316, 'Chhevadiya', 'છેવાડીયા', 3),
(317, 'Gopalpura', 'ગોપાલપુરા', 3),
(318, 'Motipura', 'મોતીપુરા ', 3),
(319, 'Segyani Rayan', 'સેગ્યની રાયણ', 3),
(320, 'KAROLI', 'કરોલી', 3),
(321, 'Kheda', 'ખેડા', 3),
(322, 'KHADOL', 'ખડોલ', 3),
(323, 'Khanthol', 'ખાનથોલ', 3),
(324, 'KHILODIYA', 'ખીલોડીયા', 3),
(325, 'KIDI', 'કીડી', 3),
(326, 'Kashipura', 'કાશીપુરા', 3),
(327, 'Jalampura(Kidi)', 'જાલમપુરા (કીડી)', 3),
(328, 'KOLAVADA', 'કોલાવાળા', 3),
(329, 'Navalpur', 'નવલપુર', 3),
(330, 'Rampur', 'રામપુર', 3),
(331, 'Vakhatpur', 'વખતપુર', 3),
(332, 'NARANPURAkampo', 'નારણપુરા કંપો', 3),
(333, 'NAVI SINOL', 'નવી સીનોલ', 3),
(334, 'RAHIYOL', 'રહિયોલ', 3),
(335, 'RAJPUR (VADAGAM)', 'રાજપુર (વડગામ)', 3),
(336, 'Motivav', 'મોટીવાવ', 3),
(337, 'Nanivav', 'નાનીવાવ', 3),
(338, 'RAMANA', 'રામના', 3),
(339, 'Rupan', 'રૂપાન', 3),
(340, 'RAMOS', 'રમોસ', 3),
(341, 'SIKA', 'સીકા', 3),
(342, 'Antisara', 'અંતિસરા', 3),
(343, 'Kamli', 'કામલી', 3),
(344, 'SINOL', 'સીનોલ', 3),
(345, 'UDEPUR', 'ઉદેપુર', 3),
(346, 'Amarpura', 'અમરપુરા', 3),
(347, 'Lalugam', 'લાલુંગામ', 3),
(348, 'Patyo', 'પત્યો', 3),
(349, 'Rampuragam', 'રામપુરાગામ', 3),
(350, 'Rampurakampa', 'રામપુરા કંપા', 3),
(351, 'VADAGAM', 'વડગામ', 3),
(352, 'VANTDA SUKA', 'વાંટડા સુકા', 3),
(353, 'ADAPUR', 'અદાપુર', 4),
(354, 'ADPODRA', 'અડપોદરા', 4),
(355, 'AGIYOL', 'અગિયોલ', 4),
(356, 'AKODRA', 'અકોદ્રા', 4),
(357, 'BALOCHPUR', 'બલોચપુર', 4),
(358, 'Amarapur', 'અમરપુર', 4),
(359, 'BANKHOR', 'બંખોર', 4),
(360, 'Sakrodiya', 'સકરોડીયા', 4),
(361, 'BAVSAR', 'બાવસર', 4),
(362, 'BERNA', 'બેરણા', 4),
(363, 'BHADARDI', 'ભાદર્દી', 4),
(364, 'BHAVPUR', 'ભાવપૂર', 4),
(365, 'Mahadevpura(K)', 'મહાદેવપુરા (કે)', 4),
(366, 'Nadri', 'નાદરી', 4),
(367, 'BORIYA KHURAD', 'બોરિયા ખુરદ', 4),
(368, 'Piplodi', 'પીપલોડી', 4),
(369, 'CHAMPALNAR', 'ચમ્પલનાર', 4),
(370, 'CHANDARNI', 'ચાંદરણી', 4),
(371, 'Kalodri', 'કલોદરી', 4),
(372, 'Vasna (Chandarni)', 'વાસણા (ચાંદરણી', 4),
(373, 'Lalpur(Vasna)', 'લાલપુર (વાસણા)', 4),
(374, 'DEDHROTA', 'દેધરોટા', 4),
(375, 'DEMAI MOTI', 'ડેમાઈ મોતી', 4),
(376, 'DEROL', 'દેરોલ', 4),
(377, 'DESASAN', 'દેસાસન', 4),
(378, 'Thumra', 'ઠુંમર', 4),
(379, 'DHUNDHOR', 'ધુન્ધોર', 4),
(380, 'Vejarap No Math', 'વેજરાપ નો મઠ', 4),
(381, 'GADHA', 'ગઢ', 4),
(382, 'Kathavadiya', 'કાથાવાદિયા', 4),
(383, 'Nurpur', 'નુરપુર', 4),
(384, 'GADHODA', 'ગઢોડા', 4),
(385, 'GAMBHOI', 'ગાંભોઇ', 4),
(386, 'GAMDI', 'ગામડી', 4),
(387, 'GHORVADA', 'ઘોરવાડા', 4),
(388, 'Demai Nani,', 'ડેમાઈ નાની', 4),
(389, 'HADIYOL', 'હડીયોલ', 4),
(390, 'HAJIPUR', 'હાજીપુર', 4),
(391, 'HAMIRGADH (VANTDA)', 'હમીરગઢ(વાંટડા)', 4),
(392, 'Kump', 'કુંપ', 4),
(393, 'Vasani', 'વાસની', 4),
(394, 'Surpur (Hamirgadh)', 'સુરપુર(હમીરગઢ)', 4),
(395, 'HANSALPUR', 'હાંસલપુર', 4),
(396, 'HAPA', 'હાપા', 4),
(397, 'HIMMATPUR', 'હિંમતપુર', 4),
(398, 'HUNJ', 'હુંજ', 4),
(399, 'ILOL', 'ઈલોલ', 4),
(400, 'Ambavada', 'અંબાવાડા', 4),
(401, 'Mordungra', 'મોરડુંગરા', 4),
(402, 'JAMLA', 'જામલા', 4),
(403, 'JAVANPURA', 'જવાનપુરા', 4),
(404, 'Bilpan', 'બીલપણ', 4),
(405, 'Raipur', 'રાયપુર', 4),
(406, 'KADOLI', 'કડોલી', 4),
(407, 'KANADA', 'કનાડા', 4),
(408, 'KANAI', 'કાનાઈ', 4),
(409, 'Dhabal', 'ધાબલ', 4),
(410, 'Khanusa', 'ખાનુંસા', 4),
(411, 'Tandol', 'તંડોલ', 4),
(412, 'Vasana (Ghorvada)', 'વાસણા(ઘોવાદડા)', 4),
(413, 'KANKNOL', 'કાંકનોલ', 4),
(414, 'KATWAD', 'કાટવાદ', 4),
(415, 'KHANDHOL', 'ખંધોલ', 4),
(416, 'KHED', 'ખેદ', 4),
(417, 'Arjanpura', 'અરજણપુરા', 4),
(418, 'Hamirgadh (khed)', 'હમીરગઢ (ખેદ)', 4),
(419, 'Raisingpura', 'રાઈસીંગપુરા', 4),
(420, 'KHEDAVADA', 'ખેડાવાળા', 4),
(421, 'Jorapur', 'જોરાપુર', 4),
(422, 'Mahadevpura (Khedavada)', 'મહાદેવપુરા (ખેડાવાળા)', 4),
(423, 'LIKHI', 'લિખી', 4),
(424, 'Surpur (Likhi)', 'સુરપુર (લીખી)', 4),
(425, 'Lolasan', 'લોલાસન', 4),
(426, 'MAHERPURA', 'મહેરપુરા', 4),
(427, 'MANORPUR', 'મનોરપુર', 4),
(428, 'MANPUR (BANKHOR)', 'માનપુર(બંખોર)', 4),
(429, 'MUNPUR ', 'મુનપુર', 4),
(430, 'NADRI PETHAPUR', 'નાદરી પેથાપુર', 4),
(431, 'Jitod', 'જીતોડ', 4),
(432, 'NAVA', 'નવા', 4),
(433, 'Balvantpura', 'બામણવડ', 4),
(434, 'NAVALPUR (BHATODA)', 'નવલપુર(બતોડા)', 4),
(435, 'Javangadh', 'જવાનગઢ', 4),
(436, 'NAVALPUR(TA)', 'નવલપુર (તા)', 4),
(437, 'NAVANAGAR', 'નવાનગર', 4),
(438, 'NIKODA', 'નિકોડા', 4),
(439, 'PARABDA', 'પરબડા', 4),
(440, 'Dhandha', 'ધાંધા', 4),
(441, 'Lalpur (Savgadh)', 'લાલપુર  (સવગઢ)', 4),
(442, 'PEDHMALA', 'પેઢમાલા', 4),
(443, 'Mali', 'માલી', 4),
(444, 'Pipaliya', 'પીપલીયા', 4),
(445, 'Rampur (Rupal)', 'રામપુર (રૂપાલ)', 4),
(446, 'PETHAPUR', 'પેથાપુર', 4),
(447, 'PIPODAR', 'પીપોદર', 4),
(448, 'POLAJPUR', 'પોલાજપુર', 4),
(449, 'PREMPUR', 'પ્રેમપુર', 4),
(450, 'PURAL', 'પુરાલ', 4),
(451, 'RAJPUR (GAMBHOI)', 'રાજપુર (ગાંભોઇ)', 4),
(452, 'RAJPUR (NAVA)', 'રાજપુર (નવા)', 4),
(453, 'RAMPUR (GHORVADA)', 'રામપુર (ઘોરવાડા)', 4),
(454, 'Kenpur', 'કેનપુર', 4),
(455, 'Pratappura', 'પ્રતાપપુરા', 4),
(456, 'Jivapur', 'જુનાવાળા', 2),
(457, 'RAYGADH', 'રાયગઢ', 4),
(458, 'RUPAL', 'રૂપાલ', 4),
(459, 'SACHODAR', 'સાચોદર', 4),
(460, 'SADHA', 'સાધા', 4),
(461, 'SAHEBAPURA', 'સાહેબપુરા', 4),
(462, 'Saroli', 'સરોલી', 4),
(463, 'SAVGADH', 'સવગઢ', 4),
(464, 'SHRAVANA', 'શ્રાવણ', 4),
(465, 'SURAJPURA', 'સુરજપુરા', 4),
(466, 'TAJPURI', 'તાજપુરી', 4),
(467, 'Mahadevpura (Kundol)', 'મહાદેવપુરા (કુંડોલ)', 4),
(468, 'VAGDI', 'વાગડી', 4),
(469, 'VAMOJ', 'વામોજ', 4),
(470, 'VANTDA', 'વાંટડા', 4),
(471, 'VAVDI', 'વાવડી', 4),
(472, 'Lalpur (Vavdi)', 'લાલપુર (વાવડી)', 4),
(473, 'VIRAVADA', 'વીરાવાડા', 4),
(474, 'ABDASAN', 'અબડાસાન', 5),
(475, 'ANKALA', 'અંકલા', 5),
(476, 'Punjpur', 'પુંજપુર', 5),
(477, 'ARODA', 'અરોડા', 5),
(478, 'ARSODIYA', 'અર્સોડીયા', 5),
(479, 'BADOLI', 'બડોલી', 5),
(480, 'Bhudhiya', 'ભૂધીયા', 5),
(481, 'BARVAV', 'બરવાવ', 5),
(482, 'Sarangpur', 'સારંગપુર', 5),
(483, 'BHADRESAR', 'ભદ્રેસર', 5),
(484, 'BHANPUR (VADIYAVIR)', 'ભાનપુર (વાડીયાવીર)', 5),
(485, 'BHUTIYA', 'ભૂતિયા', 5),
(486, 'BOLUNDRA (SONGADH)', 'બોલુન્દ્રા (સોનગઢ)', 5),
(487, 'Bhuvel', 'ભુવલ', 5),
(488, 'CHADASANA', 'ચડાસણ', 5),
(489, 'Nanivadol', 'નાનીવડોલ', 5),
(490, 'CHANDAP', 'ચંડપ', 5),
(491, 'CHITRODA', 'ચિત્રોડા', 5),
(492, 'CHITRODI', 'ચિત્રોડી', 5),
(493, 'CHOTASAN', 'ચોટાસણ', 5),
(494, 'DARAMLI', 'દરામલી', 5),
(495, 'DAVAD', 'દાવડ', 5),
(496, 'DETROLI', 'દેત્રોલી', 5),
(497, 'DHARAPUR', 'ધારાપુર', 5),
(498, 'DIYOLI', 'દીયોલી', 5),
(499, 'DUNGARI', 'ડુંગરી', 5),
(500, 'Bhavnagar', 'ભાવનગર', 5),
(501, 'EKLARA', 'એકલારા', 5),
(502, 'FALASAN', 'ફલાસણ', 5),
(503, 'Khodam', 'ખોદમ', 5),
(504, 'Patadiya', 'પાટડિયા', 5),
(505, 'FINCHOD', 'ફિંચોડ', 5),
(506, 'Kabso', 'કાબસો', 4),
(507, 'GANTHIYOL', 'ગાંઠીયોલ', 5),
(508, 'GOLVADA', 'ગોલવાડા', 5),
(509, 'GOROL', 'ગોરોલ', 5),
(510, 'Ranudra', 'રનુંદ્રા', 5),
(511, 'GUJARVA', 'ગુજારવા', 5),
(512, 'Limbhoi', 'લીંભોલ', 5),
(513, 'Paj', 'પાજ', 5),
(514, 'Acharal', 'અચરલ', 5),
(515, 'Fagol', 'ફગોલ', 5),
(516, 'Havada', 'હાવાડા', 5),
(517, 'Movatpura', 'મોવતપુરા', 5),
(518, 'HARIPURA', 'હરીપુરા', 5),
(519, 'HASANPURA', 'હસનપુરા', 5),
(520, 'HINGLAJ', 'હિંગલાજ', 5),
(521, 'ISARVADA', 'ઇસરવાડા', 5),
(522, 'JADAR', 'જાદર', 5),
(523, 'Chhapi', 'છાપી', 5),
(524, 'Sahebpura', 'સાહેબપુરા', 5),
(525, 'JASHVANTGADH', 'જસવંતગઢ', 5),
(526, 'Javanpura(Shaheri)', 'જવાનપુર (શહેરી)', 4),
(527, 'Sadatpura', 'સદાતપુરા', 4),
(528, 'Sapavada', 'સરડોઇ', 4),
(529, 'JETHIPURA', 'જેઠીપુરા', 5),
(530, 'KADIYADARA', 'કડીયાદરા', 5),
(531, 'KAMALPUR', 'કમાલપુર', 5),
(532, 'KANPUR', 'કાનપુર', 5),
(533, 'Tasiya', 'તસીયા', 5),
(534, 'KAPODA', 'કપોડા', 5),
(535, 'KAVA', 'કાવા', 5),
(536, 'Haripura(Khaski)', 'હરીપુરા(ખસકી)', 5),
(537, 'KHASKI', 'ખસકી', 5),
(538, 'KISHORGADH', 'કિશોરગઢ', 5),
(539, 'KUKADIYA', 'કુકડિયા', 5),
(540, 'LAKSHMANPURA', 'લક્ષ્મણપુરા', 5),
(541, 'LALODA', 'લાલોડા', 5),
(542, 'Gambhirpura', 'ગંભીરપુરા', 5),
(543, 'LALPUR (BADOLI)', 'લાલપુર (બડોલી)', 5),
(544, 'LALPUR (DAVAD)', 'લાલપુર (દાવડ)', 5),
(545, 'Vasna', 'વાસણા', 5),
(546, 'LEI', 'લેઈ', 5),
(547, 'MADHVA', 'માધવ', 5),
(548, 'Sardarpur', 'સરદારપુર', 5),
(549, 'Sudrasna', 'સુદ્રસના', 5),
(550, 'Sundarpur', 'સુંદરપુર', 5),
(551, 'MANGADH', 'માનગઢ', 5),
(552, 'MANIYOR', 'મનીયોર', 5),
(553, 'Kamboya', 'કંબોયા', 5),
(554, 'MASAL', 'મસલ', 5),
(555, 'MATHASUR', 'માથાસુર', 5),
(556, 'Kuvava', 'કુવાવા', 5),
(557, 'MESAN', 'મેસન', 5),
(558, 'MOTA KOTDA', 'મોટા કોટડા', 5),
(559, 'Vatda', 'વાતળા', 5),
(560, 'MOTI VADOL', 'મોટી વડોલ', 5),
(561, 'MUDETI', 'મુદેતી', 5),
(562, 'NANA KOTDA', 'નાના કોટડા', 5),
(563, 'Ganeshpura', 'ગણેશપુરા', 5),
(564, 'NETRAMLI', 'નેત્રામલી', 5),
(565, 'Bakarpura', 'બાકરપુર', 5),
(566, 'Mastupur', 'મસ્તુપુરા', 5),
(567, 'PANOL', 'પાનોલ', 5),
(568, 'POSHINA', 'પોશીના', 5),
(569, 'PRATAPGADH', 'પ્રતાપગઢ', 5),
(570, 'PRUTHVIPURA', 'પૃથ્વીપુરા', 5),
(571, 'Bhrampuri', 'ભ્રમપુરી', 5),
(572, 'Etdi', 'એતડી', 5),
(573, 'Narsinhpura', 'નરશીપુરા', 5),
(574, 'RAMPUR (BRAHMPURI)', 'રામપુર (બ્રહ્મપુરી)', 5),
(575, 'Kalyanpura', 'કલ્યાણપુરા', 5),
(576, 'RAVOL', 'રાવોલ', 5),
(577, 'REVAS', 'રેવાસ', 5),
(578, 'Zizva', 'ઝીઝવા', 5),
(579, 'RUDERDI', 'રુદેરડી', 5),
(580, 'Chupa', 'છુપા', 5),
(581, 'RUVECH', 'રુવેચ', 5),
(582, 'SABALVAD', 'સાબલવાડ', 5),
(583, 'SAMLAPUR', 'સમલાપુર', 5),
(584, 'SANTOL', 'સંતોલ', 5),
(585, 'SHERPUR', 'શેરપુર', 5),
(586, 'SINGHA', 'સિંઘા', 5),
(587, 'Dhichaniya', 'ધીચાનીયા', 5),
(588, 'Panchgamda', 'પાંચગામડા', 5),
(589, 'SIYASAN', 'સીયાસણ', 5),
(590, 'Voravav', 'વોરાવાવ', 5),
(591, 'SURPUR', 'સુરપુર', 5),
(592, 'UMEDGADH', 'ઉમેદગઢ', 5),
(593, 'Ranasan', 'રણાસણ', 5),
(594, 'UMEDPURA', 'ઉમેદપુરા', 5),
(595, 'VADIYAVIR', 'વાડીયાવીર', 5),
(596, 'VANSDOL', 'વાંસડોલ', 5),
(597, 'VERABAR', 'વેરાબર', 5),
(598, 'Agiya', 'અગિયા', 6),
(599, 'Ajavas', 'અજવાસ', 6),
(600, 'Mamapipala', 'મામાપીપાલા', 6),
(601, 'Bedi', 'બેડી', 6),
(602, 'Bara', 'બારા', 6),
(603, 'Chhatrang', 'છત્રાંગ', 6),
(604, 'Koland', 'કોલંદ', 6),
(605, 'Koland Talav', 'કોલંદ તળાવ', 6),
(606, 'Paliyabiya', 'પલીયાબીયા', 6),
(607, 'Ambaigadha', 'આંબીગઢ', 6),
(608, 'Panthal', 'પંથાલ', 6),
(609, 'Ambamahuda', 'આંબામહુડા', 6),
(610, 'Songadh', 'સોનગઢ', 6),
(611, 'Lakhiya', 'લાખિયા', 6),
(612, 'Padapat', 'પદપાત', 6),
(613, 'Kajavas', 'કાજાવાસ', 6),
(614, 'Chandrana', 'ચંદ્રાણા', 6),
(615, 'Chikhala', 'ચીખલા', 6),
(616, 'Jagmer', 'જગમેર', 6),
(617, 'Damavas', 'દમાંવાસ', 6),
(618, 'Dantral', 'દન્ત્રાલ', 6),
(619, 'Delvada', 'દેલવાડા', 6),
(620, 'Delvada(Kheroj)', 'દેલવાડા (ખેરોજ)', 6),
(621, 'Chhochhar', 'છોછાર', 6),
(622, 'Dantiya', 'દાંતિયા', 6),
(623, 'Demati', 'દેમતી', 6),
(624, 'Didhiya', 'દીધીયા', 6),
(625, 'Vagheshwari', 'વાઘેશ્વરી', 6),
(626, 'Jadisebal', 'જડીસેબલ', 6),
(627, 'Khergadh', 'ખેરગઢ', 6),
(628, 'Kherivav', 'ખેરીવાવ', 6),
(629, 'Dotad', 'દોતાડ', 6),
(630, 'Gadhada Shamlji', 'ગઢડા શામળજી', 6),
(631, 'Dholi', 'ઢોલી', 6),
(632, 'Champalpur', 'ચમ્પલપુર', 6),
(633, 'Gadu', 'ગળું', 6),
(634, 'Galodiya', 'ગલોડીયા', 6),
(635, 'Ganer', 'ગાનેર', 6),
(636, 'Ganchhali', 'ગન્છલી', 6),
(637, 'Khandhora', 'ખંધોરા', 6),
(638, 'Ganva', 'ગણવા', 6),
(639, 'Gundel', 'ગુંડેલ', 6),
(640, 'Hingtiya', 'હિંગતિયા', 6),
(641, 'Hingtiya(Jagiri)', 'હિંગતિયા (જાગીરી)', 6),
(642, 'Pipodara Dodivada', 'પીપોદરા ડોડીવાડા', 6),
(643, 'Panchmahuda', 'પાંચમહુડા', 6),
(644, 'Kalikankar', 'કલીકંકર', 6),
(645, 'Kalchhavad', 'કાલ્છાવાદ', 6),
(646, 'Zinznat', 'ઝીન્ઝનત', 6),
(647, 'Anjani', 'અંજની', 6),
(648, 'Kalol', 'કલોલ', 6),
(649, 'Karunda', 'કરૂંડા', 6),
(650, 'Tandiliya', 'તંદીલીયા', 6),
(651, 'Shinvad', 'શિન્વાદ', 6),
(652, 'Khedva', 'ખેડવા', 6),
(653, 'Dharoi', 'ધરોઈ', 6),
(654, 'Basol', 'બસોલ', 6),
(655, 'Bahediya', 'બહેડીયા', 6),
(656, 'Padhara', 'પધારા', 6),
(657, 'Kheroj', 'ખેરોજ', 6),
(658, 'Tebdi', 'તેબડી', 6),
(659, 'Motabaval', 'મોતાબવાલ', 6),
(660, 'Nanabaval', 'નાનાબવાલ', 6),
(661, 'Changod', 'ચાંગોદ', 6),
(662, 'Mahudi', 'મહુડી', 6),
(663, 'Mithibili', 'મીથીબીલી', 6),
(664, 'Kotada', 'કોટડા', 6),
(665, 'Lakshmipura', 'લક્ષ્મીપુરા', 6),
(666, 'Lambadiya', 'લાંબડીયા', 6),
(667, 'Tebada', 'ટેબડા', 6),
(668, 'Choliya', 'ચોલીયા', 6),
(669, 'Dedka', 'દેડકા', 6),
(670, 'Polapan', 'પોલાપન', 6),
(671, 'Kharniya', 'ખરનીયા', 6),
(672, 'Matoda', 'મટોડા', 6),
(673, 'Nada', 'નાડા', 6),
(674, 'Malvas', 'માલવાસ', 6),
(675, 'Mithivedi', 'મીથીવેદી', 6),
(676, 'Navamota', 'નવામોતા', 6),
(677, 'Umbora', 'ઉમબોરા', 6),
(678, 'Bubadiya na Chhapara', 'બુબડીયા ના છાપરા', 6),
(679, 'Nichidhanal', 'નીચીધાનલ', 6),
(680, 'Vasana', 'વાસણા', 6),
(681, 'Padardi', 'પાદરડી', 6),
(682, 'Metral', 'મેત્રાલ', 6),
(683, 'Paroya', 'પરોયા', 6),
(684, 'Jagnnathpura', 'જગન્નાથપુરા', 6),
(685, 'Navanana', 'નવાનાના', 6),
(686, 'Dholivav', 'ધોલીવાવ', 6),
(687, 'Salera', 'સાલેરા', 6),
(688, 'Gundikhan', 'ગુન્દીખાન', 6),
(689, 'Valsadi', 'વલસાડી', 6),
(690, 'Kathiya', 'કઠીયા', 6),
(691, 'Petachhapara', 'પેતાછપરા', 5),
(692, 'Radhivad', 'રાધીવાડ', 6),
(693, 'Rodhra', 'રોધરા', 6),
(694, 'Rudramala', 'રૂદ્રમાંલા', 6),
(695, 'Sebaliya(Matoda)', 'સેબલીયા ( મટોડા)', 6),
(696, 'Bharmiya', 'ભાર્મિયા', 6),
(697, 'Baval Kanthiya', 'બાવળ કન્થીયા', 6),
(698, 'Danmahudi', 'દાનમહુડી', 6),
(699, 'Bandiya Nu Talav', 'બાંડિયા નું તલાવ', 6),
(700, 'Pathadara', 'પથાદરા', 6),
(701, 'Sebaliya(Poshina)', 'સેબલીયા ( પોશીના)', 6),
(702, 'Gunbhakhari', 'ગુનભાખરી', 6),
(703, 'Umbarva', 'ઉમ્બરવા', 6),
(704, 'Matarvada', 'માતાવાળા', 6),
(705, 'Gandhisan', 'ગાંધીસન', 6),
(706, 'Tadhivedi', 'ટાઢીવેડી', 6),
(707, 'Vinchhi', 'વીંછી', 6),
(708, 'Jotasan', 'જોટાસણ', 6),
(709, 'Mathasara', 'માથાસરા', 6),
(710, 'Kukadi', 'કુકડિયા', 6),
(711, 'Tuver', 'તુવેર', 6),
(712, 'Vikharan', 'વિખારણ', 6),
(713, 'Unchidhanal', 'ઉંચીધાનલ ', 6),
(714, 'Valran', 'વાલરણ', 6),
(715, 'Vartol', 'વરતોલ', 6),
(716, 'Sitol', 'સિતોલ', 6),
(717, 'Zanzava Panai', 'ઝાંઝવા પાણી', 6),
(718, 'Digthali', 'દિગ્થાલી', 6),
(719, 'AMBALIYA', 'આંબલીયા', 7),
(720, 'chorivad', 'ચોરીવાડ', 7),
(721, 'Pu.muvadi', 'પુ.મુવાડી', 7),
(722, 'Sa.muvadi', 'સા.મુવાડી', 7),
(723, 'AMBAVA', 'આંબાવા', 7),
(724, 'Lo.Na pahadiya', 'લો.ના. પહાડીયા', 7),
(725, 'Sa.na.pahadiya', 'સા.ના. પહાડીયા', 7),
(726, 'ANIYOR', 'અણીયોર', 7),
(727, 'Aakliya', 'આક્લીયા', 7),
(728, 'BAMNI', 'બામની', 7),
(729, 'Dabaran', 'ડાબરન', 7),
(730, 'DHOLESHVAR', 'ધોલેશ્વર', 7),
(731, 'Agatiya', 'અગતીયા', 7),
(732, 'Bhukakutri', 'ભુકાકુત્રી', 7),
(733, 'GAJAN', 'ગાજન', 7),
(734, 'HELODAR', 'હેલોદર', 7),
(735, 'JALAMKHANTNA MUVADA', 'જલામખંતના મુવાડા', 7),
(736, 'juna takhatpur', 'જુના તખતપુર', 2),
(737, 'Sonikpur', 'સોનીકપુર', 2),
(738, 'Dhirakhant ni muvadi', 'ધીરાખંત ની મુવાડી ', 1),
(739, 'Galiya doti', 'ગલીયા દોતી', 1),
(740, 'kanera', 'કનેરા', 7),
(741, 'KASVADA', 'કાસવાડા', 7),
(742, 'Vavdibara', 'વાવડીબારા', 7),
(743, 'KATKUVA', 'કાટકુવા', 7),
(744, 'KHALIKPUR', 'ખલીકપુર', 7),
(745, 'Kothiya', 'કોઠીયા', 7),
(746, 'Vadinath na muvada', 'વાળીનાથ ના મુવાડા', 7),
(747, 'KIDIAD', 'કીડીઆદ', 7),
(748, 'KOYALIYA', 'કોયલિયા', 7),
(749, 'Bhuta', 'ભુતા', 7),
(750, 'Butiya', 'બુટીયા', 7),
(751, 'Fosarel', 'ફોસારેલ', 7),
(752, 'Khetavada', 'ખેતાવાડા', 7),
(753, 'MAGODI', 'મગોડી', 7),
(754, 'Bhempur', 'ભેમપુર', 7),
(755, 'MAHIYAPUR', 'મહિયાપુર', 7),
(756, 'Trikampur', 'ત્રિકમપુર', 7),
(757, 'MALJINA PAHADIYA', 'માલજીના પહાડીયા', 7),
(758, 'Sompur', 'સોમપુર', 7),
(759, 'MALPUR', 'માલપુર', 7),
(760, 'Devdoti', 'દેવદોતી', 7),
(761, 'MANGALPUR', 'મંગલપુર', 7),
(762, 'Nava Dharol', 'નવા ધારોલ', 7),
(763, 'Panavad', 'પાનાવાડ', 7),
(764, 'Sonariya', 'સોનારીયા', 7),
(765, 'Andharivadi', 'અંધારીવાડી', 7),
(766, 'Goriya', 'ગોરીયા', 7),
(767, 'MASADARA', 'મસાદરા', 7),
(768, 'Ghodh', 'ધોધ', 7),
(769, 'MEVDA', 'મેવડા', 7),
(770, 'Damor na muvada', 'ડામોર ના મુવાડા', 7),
(771, 'Kothi', 'કોઠી', 7),
(772, 'MOLLI', 'મોલ્લી', 7),
(773, 'Parpotiya', 'પરપોટીયા', 7),
(774, 'Chunfari', 'ચુનફરી', 7),
(775, 'NANAVADA', 'નાનાવાડા', 7),
(776, 'Nava takhatpur', 'નવા તખતપુર', 7),
(777, 'NATHAVAS', 'નાથાવાસ', 7),
(778, 'Velaniya', 'વેલાનીયા', 7),
(779, 'Dodiya', 'ડોડીયા', 7),
(780, 'Jalampur', 'જાલમપુર', 7),
(781, 'PARSODA', 'પરસોડા', 7),
(782, 'Rinchhvad', 'રીન્છવાદ', 7),
(783, 'Govindpur', 'ગોવિંદપુર', 7),
(784, 'Navagam', 'નવાગામ', 7),
(785, 'PIPRANA', 'પીપરાણા', 7),
(786, 'Boradiya', 'બોરડીયા', 7),
(787, 'RAMBHODA', 'રંભોડા', 7),
(788, 'Harbai na pahadiya', 'હર્ભી ના પહાડીયા', 7),
(789, 'RUGNATHPUR', 'રૂગનાથપુર', 7),
(790, 'Bhempoda', 'ભેમપોડા', 7),
(791, 'Hathikhant na muvada', 'હાથીખાંત ના મુવાડા', 7),
(792, 'Kaveriya', 'કાવેરીયા', 7),
(793, 'Patelna muvada', 'પટેલ ના મુવાડા', 7),
(794, 'SAKHWANIYA', 'સખવાણીયા', 7),
(795, 'SATARDA', 'સાતરડા', 7),
(796, 'Fagodiya', 'ફગોડીયા', 7),
(797, 'Gopalpur', 'ગોપાલપુર', 7),
(798, 'Jesvadi', 'જેસવાડી', 7),
(799, 'Manva', 'મનવા', 7),
(800, 'Mathavas', 'માથાવાસ', 7),
(801, 'Rasapur', 'રસાપુર', 7),
(802, 'Surajpur', 'સુરજપુરા', 7),
(803, 'TISKI', 'તીસ્કી', 7),
(804, 'TUNADAR', 'તુનાદર', 7),
(805, 'UBHRAN', 'ઉભરાણ', 7),
(806, 'Suvarchar', 'સુવારચાર', 7),
(807, 'Laljina Pahadiya', 'લાલજીના પહાડીયા', 4),
(808, 'Surana Pahadiya', 'સુરાના પહાડીયા', 4),
(809, 'BANTHIVADA LALAKUMPA', 'બંથીવાડા લાલાકુમ્પા', 8),
(810, 'HIRATIMBA', 'હીરાટીંબા', 8),
(811, 'JEMANA', 'જેમાના', 8),
(812, 'LALAKUPA', 'લાલાકુપા', 8),
(813, 'BEHDAJ', 'બેહદાજ', 8),
(814, 'KUMBHERA', 'કુમ્ભેરા', 8),
(815, 'VAIYA', 'વૈયા', 8),
(816, 'BELYO', 'બેલયો', 8),
(817, 'BHEMAPUR', 'ભેમાપુર', 8),
(818, 'DHANIVADA', 'ધનવાળા', 8),
(819, 'PALLA(D)', 'પાલ્લા (ડી)', 8),
(820, 'BHUVAL', 'ભુવલ', 8),
(821, 'CHHIKARI', 'ચીકારી', 8),
(822, 'CHHITADARA', 'છીટાદરા', 8),
(823, 'DACHKA', 'ડચકા', 8),
(824, 'DHANADIYA', 'ધનાડીયા', 8),
(825, 'DHAROLA', 'ધરોલા', 8),
(826, 'GORAVADA', 'ગોરવાડા', 8),
(827, 'JERIYAVADA', 'જેરીયાવાળા', 8),
(828, 'OUDHA', 'ઓંધા', 8),
(829, 'IPLODA', 'ઇપલોડા', 8),
(830, 'KAMBHRODA', 'કમભ્રોડા', 8),
(831, 'PISAL', 'પીસલ', 8),
(832, 'SISODRA(M)', 'સિસોદ્રા(મ)', 8),
(833, 'ISARI', 'ઇસરી', 8),
(834, 'KHAKHRIYA', 'ખાખરીયા', 8),
(835, 'MOTAMATHA', 'મોતામાથા', 8),
(836, 'PATEL CHAPRA', 'પટેલ છાપરા', 8),
(837, 'TARKVADA', 'તરકવાડા', 8),
(838, 'KALIYA KUVA', 'કાલીયા કુવા', 8),
(839, 'KANTALU', 'કન્તાલું', 8),
(840, 'RAJPUR,(I)', 'રાજપુર (આઈ)', 8),
(841, 'VAKATIMBA', 'વાકાટીંબા', 8),
(842, 'KASANA', 'કસના', 8),
(843, 'LAKHIPUR', 'લખીપુર', 8),
(844, 'ODHA(K)', 'ઓઢા (કે)', 8),
(845, 'UKARDI', 'ઉકરડી', 8),
(846, 'KHOKHARIYA', 'ખોખરીયા', 8),
(847, 'MUNSIVADA', 'મુન્શીવાડા', 8),
(848, 'KUNOL', 'કુનોલ', 8),
(849, 'LALODIYA', 'લાલોડીયા', 8),
(850, 'NESDA', 'નેસડા', 8),
(851, 'BHRAMAN KOTDA', 'ભ્રમણ કોટડા', 8),
(852, 'VAK', 'વાક્', 8),
(853, 'KRUSHNPURA', 'કૃષ્ણપુરા', 8),
(854, 'LIMBODARA (RAMGADHI)', 'લીંબોદરા (રામગઢી)', 8),
(855, 'ROLA', 'રોલા', 8),
(856, 'KOLUNDRA', 'કોલુન્દ્રા', 8),
(857, 'MEGHARAJ', 'મેઘરજ', 8),
(858, 'DHEMDA', 'ધેમડા', 8),
(859, 'MOTI MOYADI', 'મોતી મોયાડી', 8),
(860, 'NANIMOYADI', 'નાનીમોયાડી', 8),
(861, 'dhekava', 'ધેકવા', 8),
(862, 'Futa', 'ફૂટા', 8),
(863, 'Manda', 'મંદા', 8),
(864, 'Moti panduli', 'મોતી પનદુલી', 8),
(865, 'NaniPanduli', 'નાનીપધુલી', 8),
(866, 'BHUNJARI', 'ભુન્જારી', 8),
(867, 'DUNGARAGOD', 'ડુંગરાગોડ', 8),
(868, 'MUDASI', 'મુદાસી', 8),
(869, 'VAGHORA', 'વાઘોરા', 8),
(870, 'KADVADI', 'કદવાડી', 8),
(871, 'NAVAGAM (ISARI)', 'નવાગામ (ઇસરી)', 8),
(872, 'RAKHAPUR', 'રાખપુર', 8),
(873, 'RELYO', 'રેલ્યો', 8),
(874, 'DHUNDHERA', 'ધુનધેરા', 8),
(875, 'PANCHAL', 'પંચાલ', 8),
(876, 'ANTOLI,PUJAPUR', 'અંતોલી,પુજાપુર', 8),
(877, 'PANIBAR', 'પાણીબાર', 8),
(878, 'DAMORDHUNDHA', 'દમોર્ધુંધા', 8),
(879, 'KHERAI', 'ખેરી', 8),
(880, 'LIMBODRA(D)', 'લીમ્બોદરા', 8),
(881, 'PATELNA DHUNDHA', 'પટેલના ધૂંધા', 8),
(882, 'SATIPUR', 'સતીપુર', 8),
(883, 'SEDRYO', 'સેદર્યો', 8),
(884, 'BASKADATI', 'બસ્કાડતી', 8),
(885, 'RAJPUR', 'રાજપુર', 8),
(886, 'RAMGADHI', 'રામગઢી', 8),
(887, 'SURDEVI', 'સુરદેવી', 8),
(888, 'LAKHAPUR', 'લાખાપુર', 8),
(889, 'RAYAVADA', 'રાયાવાડા', 8),
(890, 'BA.TA.CHAPRA', 'બા તા છાપરા', 8),
(891, 'GED', 'ગેડ', 8),
(892, 'ITVA', 'ઈટવા', 8),
(893, 'RELLAVADA', 'રેલ્લાવાડા', 8),
(894, 'JIVANPUR', 'જુમસર', 8),
(895, 'SISODARA (ADEPUR)', 'સીસોદરા ( અદેપુર)', 8),
(896, 'TUMBALIYA', 'તુમ્બલીયા', 8),
(897, 'ADHODIYA', 'અધોડીયા', 8),
(898, 'ROYNIYA', 'રોયનીયા', 8),
(899, 'UNDVA', 'ઉંડવા', 8),
(900, 'VASAI,', 'વસાઈ', 8),
(901, 'GODHAVADA', 'ગોધાવાળા', 2),
(902, 'GOPAVADA', 'ગોપાવાળા', 2),
(903, 'JAMGHADH', 'જામગઢ', 2),
(904, 'KADVADA', 'કાદ્વાળા', 2),
(905, 'MOTIMORI', 'મોટીમોરી', 2),
(906, 'PALLA(K)', 'પાલ્લા (કે)', 2),
(907, 'BHILODA', 'ભીલોડા', 2),
(908, 'RANJEDI', 'રંજેડી', 8),
(909, 'TARKVADIYA', 'તરકવાડીયા', 8),
(910, 'VALUNA', 'વાલુંના', 8),
(911, 'BHATKOTA', 'ભાટકોટા', 8),
(912, 'GOKCHUVAN', 'ગોકચુવન', 8),
(913, 'VANIYAVADA', 'વાનીયાવાળા', 8),
(914, 'GODHA', 'ગોધ', 8),
(915, 'VARTHALI', 'વર્થાલી', 8),
(916, 'KHANDIVAV', 'ખાંડીવાવ', 8),
(917, 'PRUTHAVI PURA', 'પૃથ્વીપુરા', 8),
(918, 'GAYVACHARDA', 'ગયવાચારડા', 8),
(919, 'ZARDA', 'ઝરદા', 8),
(920, 'AMLAI', 'અમલી', 9),
(921, 'Vallavanta', 'વાલ્લાવાંટા', 9),
(922, 'BADODARA', 'બડોદરા', 9),
(923, 'BAMANVAD', 'બામણા', 9),
(924, 'BAYAL', 'બાયલ', 9),
(925, 'Rakhiyal', 'રખિયાલ', 9),
(926, 'BHACHADIYA', 'ભચડીયા', 9),
(927, 'BHERUNDA', 'ભેરૂન્ડા', 9),
(928, 'Vantda(Kabola)', 'વાંટડા(કબોલા)', 9),
(929, 'Paliyapur', 'પલીયાપુર', 9),
(930, 'Madasanakampa', 'માંદસનાકંપા', 9),
(931, 'dholiya(nanamota)', 'ઢોલિયા (નાનામોટા)', 9),
(932, 'BODI', 'બોડી', 9),
(933, 'DADHALIYA', 'દધાલીયા', 9),
(934, 'Vantda (Davli)', 'વાંટડા(દાવલી)', 9),
(935, 'DAVLI', 'દાવલી', 9),
(936, 'DHANKHROL', 'ઢાંખરોલ', 9),
(937, 'DUNGARVADA', 'ડુંગરવાળા', 9),
(938, 'FARERI', 'ફરેરી', 9),
(939, 'Lachhai', 'લછાઈ', 4),
(940, 'Jamana chhapra', 'જમાના છાપરા ', 4),
(941, 'GADHADA', 'ગઢાળા', 9),
(942, 'GARUDI', 'ગરુદી', 9),
(943, 'Dhunavada', 'ધુનાવાળા', 9),
(944, 'Nani isrol', 'નાની ઈસરોલ', 9),
(945, 'Madhupur', 'માધુપુર', 9),
(946, 'ISROL (MOTI)', 'ઈસરોલ (મોતી)', 9),
(947, 'ITADI', 'ઇટાડી', 9),
(948, 'Galsundra', 'ગલસુન્દ્રા', 9),
(949, 'Umedpur', 'ઉમેદપુરા', 9),
(950, 'Motipur', 'મોતીપુર', 9),
(951, 'JAMBUSAR', 'જંબુસર', 9),
(952, 'JHALODAR', 'જાલોદર', 9),
(953, 'Vagodiya', 'વાગોડિયા', 9),
(954, 'JITPUR (MAHADEVGRAM)', 'જીતપુર (મહાદેવગ્રામ)', 9),
(955, 'Charanvada', 'ચરણવાળા', 9),
(956, 'Umedpur(Bolundra)', 'ઉમેદપુર(બોલુન્દ્રા)', 9),
(957, 'KAU', 'કાઉ', 9),
(958, 'KHADODA', 'ખડોદા', 9),
(959, 'Vanta', 'વાંટડા', 9),
(960, 'Salampur', 'સલામપુર', 9),
(961, 'Rampur(Gadhada)', 'રામપુર (ગઢડા)', 9),
(962, 'KHAMBHISAR', 'ખંભીસર', 9),
(963, 'KISHORPURA', 'કિશોરપુરા', 9),
(964, 'Mora', 'મોરા', 9),
(965, 'KOKAPUR', 'કોકાપુર', 9),
(966, 'KOLIKHAD', 'કોલીખડ', 9),
(967, 'Alampur', 'અલમપુર', 9),
(968, 'KUDOL', 'કુડોલ', 9),
(969, 'Jitpur (kudol)', 'જીતપુર (કુડોલ)', 9),
(970, 'Bhilkuva', 'ભીકુવા', 9),
(971, 'Malvan(keshapur)', 'માલવણ (કેશાપુર)', 9),
(972, 'MAHADEVGRAM', 'મહાદેવગ્રામ', 9),
(973, 'Gokharva', 'ગોખરવા', 9),
(974, 'MEDHASAN', 'મેધાસન', 9),
(975, 'NANI CHICHANO', 'નાની ચીચનો', 9),
(976, 'MOTI CHICHANO', 'મોતી ચીચાનો', 9),
(977, 'MULOJ', 'મુલોજ', 9),
(978, 'NANDISAN KAMPA', 'નાન્દીસન કંપા', 9),
(979, 'NANDISAN', 'નાનદીસન', 9),
(980, 'NAVA VADVASA', 'નવા વડવાસા', 9),
(981, 'JUNA-VADVASA', 'જુના-વડવાસા', 9),
(982, 'SITPUR', 'સીતપુર', 9),
(983, 'PAHADPUR', 'પહાડપુર', 9),
(984, 'RAJLI', 'રાજલી', 9),
(985, 'SABALPUR', 'સાબલપુર', 9),
(986, 'Rasulpur', 'રસુલપુર', 9),
(987, 'Palanpur', 'પાલનપુર', 9),
(988, 'Bajkot', 'બાજકોટ', 9),
(989, 'Tintisar', 'તીનતીસર', 9),
(990, 'SAJAPUR', 'સાજાપુર', 9),
(991, 'SAKARIYA', 'સાકરીયા', 9),
(992, 'SARDOI', 'સરડોઇ', 9),
(993, 'SARURPUR', 'સરુરપુર', 9),
(994, 'SAYRA', 'સાયરા', 9),
(995, 'Hafsabad', 'હફસાબાદ', 9),
(996, 'SHAMPUR', 'શામપુર', 9),
(997, 'Padar', 'પદાર', 9),
(998, 'Lalpur(sardoi)', 'લાલપુર (સરડોઇ)', 9),
(999, 'SINAVAD', 'સીનાવડ', 9),
(1000, 'TINTOI', 'ટીંટોઇ', 9),
(1001, 'VANIYAD', 'વનિયાદ', 9),
(1002, 'Modarsumba', 'મોડરસુંબા', 9),
(1003, 'VARTHU', 'વરથુ', 9),
(1004, 'VOLVA', 'વોલ્વા', 9),
(1005, 'Munshivada', 'મુન્શીવાડા', 9),
(1006, 'Dariyapur', 'દરિયાપુર', 9),
(1007, 'AMINPUR', 'અમીનપુર', 10),
(1008, 'AMODRA', 'અમોદરા', 10),
(1009, 'ANVARPURA', 'અનવરપુરા', 10),
(1010, 'ASRODA', 'અસ્રોડા', 10),
(1011, 'BAINI MUVADI', 'બાઈ ની મુવાડી', 10),
(1012, 'Mavani Muvadi', 'માવાની મુવાડી', 10),
(1013, 'BAKARPUR', 'બાકરપુર', 10),
(1014, 'BALISANA', 'બાલીસણા', 10),
(1015, 'BOBHA', 'બોભા', 10),
(1016, 'Idrajur', 'ઇદ્રજુર', 10),
(1017, 'CHHADARDA', 'છાદરડા', 10),
(1018, 'DALANI MUVADI', 'દલાની મુવાડી', 10),
(1019, 'Tatarda Talod', 'તાતારડા તલોદ', 10),
(1020, 'DALPUR', 'દલપુર', 10),
(1021, 'GALESARA', 'ગલેસરા', 10),
(1022, 'Morvad', 'મોરવાડ', 10),
(1023, 'GHADI', 'ઘડી', 10),
(1024, 'GHADKAN', 'ઘડકન', 10),
(1025, 'HADMATIYA', 'હડમતીયા', 10),
(1026, 'JENPUR', 'જેનપુર', 10),
(1027, 'KALIPURA', 'કાલીપુર', 10),
(1028, 'Sadoliya', 'સાદોલીયા', 5),
(1029, 'KAROL', 'કરોલ', 10),
(1030, 'KESHARPUR', 'કેશરપુર', 10),
(1031, 'Katpur', 'કટવાડ', 10),
(1032, 'LIMLA', 'લીમલા', 10),
(1033, 'MAHADEVPURA (GHADI)', 'મહાદેવપુરા (ઘડી)', 10),
(1034, 'MAJRA', 'માંજરા', 10),
(1035, 'MAUCHHA', 'મુછા', 10),
(1036, 'MEMADPUR', 'મેમદપુર', 10),
(1037, 'MOYAD', 'મોયદ', 10),
(1038, 'Moyad Rupaji', 'મોયદ રૂપાજી', 10),
(1039, 'MOYAD NATHAJI', 'મોયદ નાથાજી', 10),
(1040, 'NANANPUR', 'નનાનપુર', 10),
(1041, 'NIKODIYA', 'નીકોડીયા', 10),
(1042, 'ORAN', 'ઓરણ', 10),
(1043, 'PALLACHAR', 'પાલ્લાચાર', 10),
(1044, 'PILUDRA', 'પીલુદરા', 10),
(1045, 'POGLU', 'પોગલું', 10),
(1046, 'Rampura', 'રામપુરા', 10),
(1047, 'RASLOD', 'રસ્લોદ', 10),
(1048, 'Padhayda', 'પધાયદા', 10),
(1049, 'Punadata', 'પુનાડાતા', 10),
(1050, 'SADANI MUVADI', 'સદાની મુવાડી', 10),
(1051, 'Sukhad', 'સુખદ', 10),
(1052, 'SALAL', 'સલાલ', 10),
(1053, 'SANPAD', 'સાપડ', 10),
(1054, 'SITVADA', 'સીતવાડા', 10),
(1055, 'TAJPUR', 'તાજપુર', 10),
(1056, 'TAKHATGADH', 'તખતગઢ', 10),
(1057, 'Mamroli', 'મામ્રોલી', 10),
(1058, 'UNCHHA', 'ઉન્છા', 10),
(1059, 'VADRAD', 'વાદ્રદ', 10),
(1060, 'VADVASA', 'વડવાસા', 10),
(1061, 'VAGHROTA', 'વાઘ્રોતા', 10),
(1062, 'ZALANI MUVADI', 'ઝાલાની મુવાડા', 10),
(1063, 'ZINZVA', 'ઝીન્ઝવા', 10),
(1064, 'AHMEDPURA', 'અહમેદ્પુરા', 11),
(1065, 'ANIOD', 'અનીઓડ', 11),
(1066, 'ANJANA', 'અંજના', 11),
(1067, 'ANKHOL', 'અણખોલ', 11),
(1068, 'GOBARNI MUVADI', 'ગોબરની મુવાડી', 11),
(1069, 'ANTROLIVAS DOLJI', 'અંત્રોલીવાસ દોલજી', 11),
(1070, 'ANTROLIVAS PUNJAJI', 'અંત્રોલીવાસ પુંજાજી', 11),
(1071, 'RANIPURA', 'રાનીપુરા', 10),
(1072, 'BHATIYA', 'ભાટિયા', 11),
(1073, 'BHIMPUR', 'ભીમપુર', 11),
(1074, 'BORIYA BECHARAJI', 'બોરિયા બેચરાજી', 11),
(1075, 'BORIYA-JOGAPUR', 'બોરિયા જોગાપુર', 11),
(1076, 'DADARDA', 'દાદારડા', 11),
(1077, 'DHADH VASNA', 'ધાધ વાસણા ', 11);
INSERT INTO `gaam` (`id`, `name`, `name_guj`, `taluka_id`) VALUES
(1078, 'DOLATABAD', 'દોલતાબાદ', 11),
(1079, 'FOJIVADA', 'ફોજીવાળા', 11),
(1080, 'CHHATRISA', 'છાત્રીસા', 11),
(1081, 'GORA', 'ગોરા', 11),
(1082, 'GUNDIYA', 'ગુંદીયા', 11),
(1083, 'HARSOL', 'હરસોલ', 11),
(1084, 'JAVANPUR', 'જવાનપુર', 11),
(1085, 'JORAJINI MUVADI', 'જોર જીની મુવાડી', 11),
(1086, 'KABODARA', 'કબોદારા', 11),
(1087, 'KABODRI', 'કબોદરી', 11),
(1088, 'KARMIPURA', 'કર્મીપુરા', 11),
(1089, 'KATHWADA', 'કઠવાડા', 11),
(1090, 'KHEROL', 'ખેરોલ', 11),
(1091, 'GADHWAD', 'ગઢવાડ', 11),
(1092, 'LALANI MUVADI', 'લાલાની મુવાડી', 11),
(1093, 'CHARANVANTA', 'ચરણવાંટા', 11),
(1094, 'LALPUR (RANASAN)', 'લાલપુર (રણાસણ)', 11),
(1095, 'MALVAN', 'માલવણ', 11),
(1096, 'LAVARI', 'લવારી', 11),
(1097, 'MADHAVGADH', 'માધવગઢ', 11),
(1098, 'MAHEKAL', 'મહેકાલ', 11),
(1099, 'MAHELAV', 'મહેલાવ', 11),
(1100, 'MAHADEVPURA (MAHIYAL)', 'મહાદેવપુરા (મહિયલ)', 11),
(1101, 'MAHIYAL', 'મહિયલ', 11),
(1102, 'RAYANIYA', 'રાયણીયા', 11),
(1103, 'MODHUKA', 'મોઢુકા', 11),
(1104, 'MOHANPUR', 'મોહનપુર', 11),
(1105, 'MOTA CHEKHLA', 'મોટા ચેખલા', 11),
(1106, 'MOTESARI', 'મોતેસરી', 11),
(1107, 'MOKAMNI MUVADI', 'મોકામની મુવાડી', 11),
(1108, 'MUDHASANA', 'મુધાસના', 11),
(1109, 'NANA CHEKHLA', 'નાના ચેખલા', 11),
(1110, 'Bhempada', 'ભેમાંપાળા', 11),
(1111, 'NAVAVAS', 'નવાવાસ', 11),
(1112, 'PADUSAN', 'પદુસન', 11),
(1113, 'PUNSRI', 'પુંસરી', 11),
(1114, 'DEVIYA', 'દેવિયા', 11),
(1115, 'ROJHAD', 'રોજહદ', 11),
(1116, 'BADARNI MUVADI', 'બદરની મુવાડી', 4),
(1117, 'CHANDPUR', 'ચાંદપુર', 4),
(1118, 'SAGPUR', 'સાગપુર', 11),
(1119, 'NANI SINHOLI', 'નાની સીન્હોલી', 11),
(1120, 'SALATPUR', 'સલાટપુર', 11),
(1121, 'SONISAR', 'સોનીસર', 11),
(1122, 'TAJPUR CAMP', 'તાજપુર કંપ', 11),
(1123, 'UJEDIYA', 'ઉજેડીયા', 11),
(1124, 'GULABNI MUVADI', 'ગુલાબની મુવાડી', 11),
(1125, 'UMED NI MUVADI', 'ઉમેદ ની મુવાડી', 11),
(1126, 'VALIYAMPURA', 'વલીયામ્પુરા', 11),
(1127, 'VARVADA', 'વરવાળા', 11),
(1128, 'VAV', 'વાવ', 11),
(1129, 'VAVADI', 'વાવડી', 11),
(1130, 'ARSAMDA', 'અર્સમડા', 12),
(1131, 'Mathbhojayat', 'મઠભોજાયત', 12),
(1132, 'Naranpura', 'નારણપુર', 12),
(1133, 'ASAI', 'અસાઇ', 12),
(1134, 'Kodreli', 'કોદરેલી', 12),
(1135, 'BABSAR', 'બાબસર', 12),
(1136, 'Veda', 'વેડા', 12),
(1137, 'BADOL', 'બદોલ', 12),
(1138, 'BHAJPURA', 'ભજપુરા', 12),
(1139, 'Jalodara', 'જલોદરા', 12),
(1140, 'Vetala', 'વેતાલા', 12),
(1141, 'BHANDVAL', 'ભંડવાલ', 12),
(1142, 'BHAVANGADH', 'ભવાનગઢ', 12),
(1143, 'Jamrela', 'જામરેલા', 12),
(1144, 'CHULLA', 'ચુલ્લા', 12),
(1145, 'DANTROLI', 'દાંત્રોલી', 12),
(1146, 'Pahadiyol', 'પહાડીયોલ', 12),
(1147, 'DHAMDI', 'ધમડી', 12),
(1148, 'DHAROD', 'ધરોડ', 12),
(1149, 'DHAROL', 'ધારોલ', 12),
(1150, 'DOBHADA', 'દોભાડા', 12),
(1151, 'Kamosan', 'કમોસન', 12),
(1152, 'FUDEDA', 'ફુદેડા', 12),
(1153, 'GAJIPUR', 'ગાજીપુર', 12),
(1154, 'GOTA', 'ગોતા', 12),
(1155, 'HATHARVA', 'હાથરવા', 12),
(1156, 'HATHOJ', 'હાથોજ', 12),
(1157, 'HIMATPUR (NARAJINA CHHAPRA)', 'હિમતપુર (નારાજીના છાપરા)', 12),
(1158, 'JETPUR', 'જેતપુર', 12),
(1159, 'JUNA CHAMU', 'જુના ચામું', 12),
(1160, 'kothan', 'કોઠાન', 12),
(1161, 'Nava Chamu', 'નવા ચામું', 12),
(1162, 'Savasala', 'સવાસલા', 12),
(1163, 'Dhira Kamboya', 'ધીરા કંબોયા', 12),
(1164, 'KANJELI', 'કન્જેલી', 12),
(1165, 'KESARGANJ', 'કેસરગંજ', 12),
(1166, 'MAHOR', 'મહોર', 12),
(1167, 'MEDH', 'મેધ', 12),
(1168, 'MORAD', 'મોરડ', 12),
(1169, 'RAHEDA', 'રેડા', 12),
(1170, 'RAMPUR (FUDEDA)', 'રામપુર (ફુદેડા)', 12),
(1171, 'THERASANA', 'થેરાસના', 12),
(1172, 'THURAVAS', 'થુરાવાસ', 12),
(1173, 'VADGAMDA', 'વળગમડા', 12),
(1174, 'VADOTH', 'વાળોથ', 12),
(1175, 'Vivav', 'વિવાવ', 12),
(1176, 'VASAN', 'વાસન', 12),
(1177, 'Rampur(Va)', 'રામપુર (વા)', 12),
(1178, 'VASNA (ASAI)', 'વાસણા (અસાઇ)', 12),
(1179, 'Adepur', 'અદેપુર', 13),
(1180, 'ANDROKHA', 'અંદ્રોખા', 13),
(1181, 'Bhumbhudi', 'ભૂમભુંડી', 13),
(1182, 'Bhupatgadh', 'ભુપતગઢ', 13),
(1183, 'Joravanagar', 'જોરાવાનગર', 13),
(1184, 'Moghari', 'મોઘરી', 13),
(1185, 'Ajepur', 'અજેપુર', 13),
(1186, 'ANTARSUMBA', 'અંતરસુંબા', 13),
(1187, 'Badhana', 'બધાના', 13),
(1188, 'Matali', 'માતાલી', 13),
(1189, 'Vajepur', 'વજેપુરા', 13),
(1190, 'BALETA', 'બલેતા', 13),
(1191, 'BHANKHRA', 'ભાંખરા', 13),
(1192, 'Khervada', 'ખેરવાડા', 13),
(1193, 'Tol Dunghari', 'તોલ ડુંગરી', 13),
(1194, 'Zer', 'ઝેર', 13),
(1195, 'BILADIYA', 'બીલાડીયા', 13),
(1196, 'Samaiya', 'સામૈયા', 13),
(1197, 'CHANDVASA', 'ચંદ્વવાસા', 13),
(1198, 'Bhagorapada', 'ભાગોરપડા', 13),
(1199, 'Boghapada', 'બોઘપાળા', 13),
(1200, 'CHITHODA', 'ચિઠોડા', 13),
(1201, 'DANTOD', 'દંતોડ', 13),
(1202, 'Jusavada', 'જુસાવડા', 13),
(1203, 'GADI', 'ગળી', 13),
(1204, 'Chamthan', 'ચમ્થાન', 13),
(1205, 'ITAVADI', 'ઈતાવાદી', 13),
(1206, 'Badarakha', 'બદરખા', 13),
(1207, 'Chikana', 'ચીખના', 13),
(1208, 'Garada', 'ગરાળા', 13),
(1209, 'JALETI', 'જલેતી', 13),
(1210, 'Vanaz', 'વાનાઝ', 13),
(1211, 'KALVAN', 'કલવાન', 13),
(1212, 'Kathavavadi', 'કથાવાવાદી', 13),
(1213, 'Vireshvar', 'વીરપુર', 13),
(1214, 'KANADAR', 'કણાદર', 13),
(1215, 'KATHROTI', 'કાથરોટી', 13),
(1216, 'KODIYAVADA', 'કોડીયાવાડા', 13),
(1217, 'Pipaloti', 'પીપાલોતી', 13),
(1218, 'LIMDA', 'લીમડા', 13),
(1219, 'MASOTA', 'મસોતા', 13),
(1220, 'NALSERI', 'નાલસેરી', 13),
(1221, 'Titaran', 'તીતરણ', 13),
(1222, 'Bhatela', 'ભાતેલા', 13),
(1223, 'NAVAGAM (DHANELA)', 'નવાગામ(ધનેલા)', 13),
(1224, 'Padela', 'પડેલા', 13),
(1225, 'Dadhvav', 'દધવાવ', 13),
(1226, 'Laxmanpura', 'લક્ષ્મીપુરા', 13),
(1227, 'PAL', 'પાલ', 13),
(1228, 'Antari', 'અંતરી', 13),
(1229, 'Jamniya', 'જામનીયા', 13),
(1230, 'Kelava(Parosada)', 'કેલાવા (પરસોડા)', 13),
(1231, 'Kharibidi', 'ખરીબીડી', 13),
(1232, 'Khedasan', 'ખેડાસન', 13),
(1233, 'Kundala', 'કુંડાલા', 13),
(1234, 'Ladivada', 'લડીવાળા', 13),
(1235, 'Navabhaga', 'નવાભાગા', 13),
(1236, 'Navakhola', 'નવાખોલા', 13),
(1237, 'PAROSDA', 'પરોસડા', 13),
(1238, 'Ukhala Dungari', 'ઉખાલા ડુંગરી', 13),
(1239, 'PARVATH', 'પર્વથ', 13),
(1240, 'Kanthariya', 'કંથારીયા', 13),
(1241, 'Kelava(Kho.)', 'કેલાવા (ખો)', 13),
(1242, 'Khokhara', 'ખોખરીયા', 13),
(1243, 'Kundol Gholvada', 'કુંડોલ ઘોલવાળા', 13),
(1244, 'Navadhara', 'નવાધારા', 13),
(1245, 'Ubariay', 'ઉબરીંય', 13),
(1246, 'SARSAV', 'સરસવ', 13),
(1247, 'VANDHOL', 'વાન્ધોલ', 13),
(1248, 'VANKDA', 'વાંકડા', 13),
(1249, 'Dagala', 'ડગલા', 5),
(1250, 'Kharol', 'ખરોલ', 5),
(1251, 'Nelau', 'નેલઉં', 5),
(1252, 'VIJAYNAGAR', 'વિજયનગર', 13),
(1253, 'AMBAVADA', 'અંબાવાડા', 10),
(1254, 'AMRAPUR', 'અમરાપુર', 10),
(1255, 'Abhapur', 'અભાપુર', 13),
(1256, 'Dholivav', 'ધોલીવાવ', 13),
(1257, 'Virpur', 'વીરપુર', 13),
(1258, 'Ambavada', 'અંબાવાડા', 12),
(1259, 'Lalpur', 'લાલપુર', 7),
(1260, 'KARANPUR', 'કરનપુર', 8),
(1261, 'Khumapur', 'ખુમાપુર', 9),
(1262, 'Golvada', 'ગોલવાડા', 13),
(1263, 'Dolpur', 'દોલપુર', 3),
(1264, 'Bhatkota', 'ભાટકોટા', 2),
(1265, 'Motipura', 'મોતીપુરા ', 4),
(1266, 'JALAMPUR', 'જાલમપુર', 8),
(1267, 'CHORIVAD', 'ચોરીવાડ', 12),
(1268, 'Vaghpur', 'વાગપુર', 12),
(1269, 'SARANGPUR', 'સારંગપુર', 8),
(1270, 'Ambasar', 'અંબાસર', 6),
(1271, 'FATEPUR', 'ફતેપુર', 10),
(1272, 'Lank', 'લંક', 6),
(1273, 'Odha', 'ઓઢા', 7),
(1274, 'GAMBHIRPURA', 'ગભીરપુરા', 11),
(1275, 'GED', 'ગેડ', 10),
(1276, 'Badarpura', 'બાદરપુરા', 5),
(1277, 'GULABPURA', 'ગુલાબપુરા', 5),
(1278, 'Gamdi', 'ગામડી', 12),
(1279, 'Vajapur', 'વજાપુર', 2),
(1280, 'HIMATPUR', 'હિમતપુર ', 5),
(1281, 'Bhetali', 'ભેટાલી', 5),
(1282, 'JALIYA', 'જાલીયા', 5),
(1283, 'JAMBUDI', 'જાંબુડી', 4),
(1284, 'Hathipura', 'હાથીપુરા', 9),
(1285, 'Math', 'મઠ', 9),
(1286, 'JASWANTPURA', 'જસવંતપુરા', 3),
(1287, 'Medi timba', 'મેદી ટીંબા', 2),
(1288, 'JIVANPUR', 'જુના ચામું', 9),
(1289, 'Pruthvipura', 'પૃથ્વીપુરા', 13),
(1290, 'Kesharpura', 'કેશરપુરા', 4),
(1291, 'KARANPUR', 'કરનપુર', 4),
(1292, 'KESHARPURA', 'કેશરપુરા', 5),
(1293, 'Bordi', 'બોરડી', 6),
(1294, 'KHARI', 'ખરી', 2),
(1295, 'Ratanpur', 'રતનપુર', 6),
(1296, 'Alva', 'અલવા', 3),
(1297, 'Lalpur', 'લાલપુર', 3),
(1298, 'LALPUR', 'લાલપુર', 8),
(1299, 'Kuski', 'કુસ્કી', 5),
(1300, 'Savgadh', 'સવગઢ', 5),
(1301, 'Golvada', 'ગોલવાડા', 6),
(1302, 'LIMBHOI', 'લીંભોઈ', 9),
(1303, 'MAHADEVPURA', 'મહાદેવપુરા', 4),
(1304, 'MAHUDI', 'મહુડી', 8),
(1305, 'MANPUR', 'માનપુર', 5),
(1306, 'MATHASULIYA', 'માથાસુલીયા', 4),
(1307, 'FATEPURA', 'ફતેપુર', 2),
(1308, 'Lalpur', 'લાલપુર', 10),
(1309, 'Rampur', 'રામપુર', 7),
(1310, 'GULABPURA', 'ગુલાબપુરા', 11),
(1311, 'chhikari', 'છીકારી', 8),
(1312, 'DHOLVANI', 'ધોલવાણી', 9),
(1313, 'Movatpura', 'મોવતપુરા', 6),
(1314, 'NADRI', 'નાદરી', 12),
(1315, 'Hamirpur', 'હમીરપુર', 7),
(1316, 'NAVAGAM', 'નવાગામ', 8),
(1317, 'NAVALPUR', 'નવલપુર', 11),
(1318, 'PAHADIYA', 'પહાડીયા', 8),
(1319, 'Amodara', 'અમોદરા', 13),
(1320, 'Movatpura', 'મોવતપુરા', 13),
(1321, 'NARANPUR', 'નારણપુર', 8),
(1322, 'Pipaliya', 'પીપલીયા', 6),
(1323, 'POYADA', 'પોયડા', 10),
(1324, 'PRATAPPURA', 'પ્રતાપપુરા', 5),
(1325, 'RAJPUR', 'રાજપુર', 13),
(1326, 'jitpur', 'જીતપુર', 3),
(1327, 'Malekpur', 'મલેકપુર', 3),
(1328, 'BHUTIYA', 'ભૂતિયા', 8),
(1329, 'Rampur', 'રામપુર', 5),
(1330, 'RANASAN', 'રણાસણ', 11),
(1331, 'RASULPUR', 'રસુલપુર', 10),
(1332, 'RATANPUR', 'રતનપુર', 5),
(1333, 'Bolundra', 'બોલુન્દ્રા', 5),
(1334, 'Ganeshpur', 'ગણેશપુર', 9),
(1335, 'SANGAL', 'સાંગલ', 8),
(1336, 'SAROLI', 'સરોલી', 13),
(1337, 'Patadiya', 'પાટડિયા', 6),
(1338, 'SEMALIYA', 'સેમાલીયા', 11),
(1339, 'Dolpur', 'દોલપુર', 9),
(1340, 'Rampur', 'રામપુર', 9),
(1341, 'ADAPUR', 'અદાપુર', 8),
(1342, 'JITPUR', 'જીતપુર', 8),
(1343, 'LIMBHOI', 'લીંભોઈ', 8),
(1344, 'SONASAN', 'સોનાસણ', 10),
(1345, 'SULTANPUR', 'સુલતાનપુર', 11),
(1346, 'Futa', 'ફૂટા', 9),
(1347, 'Kalleka', 'કલ્લેકા', 6),
(1348, 'VAJAPUR', 'વજાપુર', 10),
(1349, 'VAKTAPUR', 'વક્તાપુર', 4),
(1350, 'LALPUR', 'લાલપુર', 2),
(1351, 'VANKANEDA', 'વાંકાનેડા', 7),
(1352, 'BAYAD', 'બાયડ', 1),
(1353, 'PAHADIYA', 'પહાડીયા', 8),
(1354, 'Bhutiya', 'ભૂતિયા', 6),
(1355, 'VASAI', 'વસાઈ', 5),
(1356, 'VASNA', 'વાસણા', 8),
(1357, 'KANIYOL', 'કનીયોલ', 4),
(1358, 'KESHARPURA', 'કેશરપુરા', 4),
(1359, 'TITPUR', 'તીતપુર', 4),
(1360, 'RANGPUR', 'રંગપુર', 4),
(1361, 'JIVAPUR', 'જીવાપુર', 4),
(1362, 'RANGPUR', 'રંગપુર', 4),
(1363, 'BOLUNDRA', 'બોલુન્દ્રા', 9),
(1364, 'BORDI', 'બોરડી', 9),
(1365, 'GADHA', 'ગઢ', 9),
(1366, 'GAJAN', 'ગાજન', 9),
(1367, 'KHALIKPUR', 'ખલીકપુર', 9),
(1368, 'MATHASULIYA', 'માથાસુલિયા', 9),
(1369, 'SURPUR', 'સુરપુર', 9),
(1370, 'KAMALPUR', 'કમલપુર', 10),
(1371, 'Sadoliya', 'સદોલીયા', 10),
(1372, 'KATWAD', 'કતવાદ', 10),
(1373, 'CHITARIYA', 'ચિતારીયા', 13),
(1374, 'LAXMIPURA', 'લક્ષ્મીપુરા', 4),
(1375, 'CHITRODI', 'ચિત્રોડી', 13),
(1376, 'Gadha (Kabso)', 'ગઢ(કાબસો)', 5),
(1377, 'Sapavada', 'સપાવાળા', 5),
(1378, 'Vaghpur', 'વાગપુર', 10),
(1379, 'Bhagpur', 'ભાગપુર', 10),
(1380, 'Ramdevpura', 'રામદેવપુરા', 10),
(1381, 'Ruppura', 'રૂપપુરા', 10),
(1382, 'Madha', 'મધ', 10),
(1383, 'Matasan', 'માતાસન', 10),
(1384, 'RAMPUR', 'રામપુર', 4),
(1385, 'VAVDI', 'વાવડી', 7),
(1386, 'POTALIYA', 'પોશીના', 4),
(1387, 'HATHAROL', 'હાથરોલ', 4),
(1388, 'BHOLESHWAR', 'ભોલેશ્વર', 4),
(1389, 'AMODARA', 'અમોદરા', 3),
(1390, 'JASWANTPURA', 'જસવંતપુરા', 3),
(1391, 'SIMLI', 'સીમલી', 3),
(1392, 'JAVANGADH', 'જવાનગઢ', 5),
(1393, 'RANIPURA', 'રાનીપુરા', 11),
(1394, 'NAVA', 'નવા', 11),
(1395, 'CHANDPUR', 'ચાંદપુર', 11),
(1396, 'BADARANI MUVADI', 'બદરની મુવાડી', 11),
(1397, 'RUPAL', 'રૂપાલ', 11),
(1398, 'BALISANA', 'બાલીસણા', 11),
(1399, 'LALINOMATH', 'લાલીનો મઠ', 3),
(1400, 'KARNPUR', 'કરનપુર', 3),
(1401, 'SAYBAPUR', 'સાયબાપુર', 4),
(1402, 'MOHBATPURA', 'મોહ્બતપુરા', 4),
(1403, 'RAJNAGAR', 'રાજનગર', 4),
(1404, 'NAVALPUR', 'નવલપુર', 4),
(1405, 'TANTARADA', 'તાન્તારાળા', 11),
(1406, 'MUHAJINAGAR', 'મુહજીનગર', 4),
(1407, 'AJUHIROLA', 'અજુહીરોલા', 8),
(1408, 'VASANA', 'વાસણા', 4),
(1409, 'DHANPURA', 'ધનપુરા', 4),
(1410, 'KUNDOL', 'કુંડોલ', 4),
(1411, 'JESINGPUR', 'જેસિંગપુર', 7),
(1412, 'Juna Takhatpur', 'જુના તખતપુર', 7),
(1413, 'SHERADI TIMBA', 'શેરડી ટીંબા', 4),
(1414, 'Meditimba', 'મેદી ટીંબા', 7),
(1415, 'Sonikpur', 'સોનીકપુર', 7),
(1416, 'KESHARPURA', 'કેશરપુરા', 4),
(1417, 'JAGATPURA', 'જગતપુરા', 4),
(1418, 'SAKARODIYA', 'સકરોડીયા', 4),
(1419, 'PRUTHAVIPURA', 'પૃથ્વીપુરા', 4),
(1420, 'BORIYA CHAPARA', 'બોરિયા છાપરા', 4),
(1421, 'ANANDPURA', 'આનંદપુરા', 4),
(1422, 'RAMGADH', 'રામગઢ', 4),
(1423, 'PURASHOTTAMNAGAR', 'પુરષોત્તમનગર', 4),
(1424, 'GOVINDPURA', 'ગોવિંદપુરા', 4),
(1425, 'RANCHODPURA', 'રણછોડપુરા', 4),
(1426, 'VADALA VAS', 'વડાલા વાસ', 4),
(1427, 'VACHALO VAS', 'વચલો વાસ', 4),
(1428, 'JITOD CHAPARA', 'જીતોડ છાપરા', 4),
(1429, 'KANKNOL KAMPA', 'કાંકણોલ કંપા', 4),
(1430, 'Malpur', 'માલપુર', 12),
(1431, 'HAMIRPUR', 'હમીરપુર', 3),
(1432, 'VARTOL', 'વરતોલ', 12),
(1433, 'virpur', 'વીરપુર', 4),
(1434, 'JITPUR', 'જીતપુર', 7),
(1435, 'GALIYADANTI', 'ગલીયાદંતી', 7),
(1436, 'DHIRAKHANT NI MUVADI', 'ધીરાખંત ની મુવાડી ', 7),
(1437, 'NAVA', 'નવા', 7),
(1438, 'Malekpur', 'મલેકપુર', 3),
(1439, 'DOLGHADH', 'ડોલઘાથા', 4),
(1440, 'NADARI(RUPAL)', 'નાદારી (રૂપાલ)', 4),
(1441, 'poshina', 'પોશીના', 6),
(1442, 'naka', 'નાકા', 6),
(1443, 'DEROL (VA)', 'દેરોલ (વા)', 6),
(1444, 'HATHROL', 'હાથરોલ', 4),
(1445, 'TONDOL', 'તોન્દોલ', 4),
(1446, 'HAMIRPURA', 'હમીરપુરા', 4),
(1447, 'hingatiya(KHA)', 'હિંગાતિયા (ખા)', 6),
(1448, 'MOTI DEMAI', 'મોતી ડેમાઈ', 4),
(1449, 'testing', 'anana', 1);

-- --------------------------------------------------------

--
-- Table structure for table `jilla`
--

CREATE TABLE IF NOT EXISTS `jilla` (
  `id` int(11) unsigned NOT NULL AUTO_INCREMENT,
  `name` varchar(50) DEFAULT NULL,
  `name_guj` varchar(255) DEFAULT NULL,
  PRIMARY KEY (`id`)
) ENGINE=InnoDB  DEFAULT CHARSET=utf8 AUTO_INCREMENT=3 ;

--
-- Dumping data for table `jilla`
--

INSERT INTO `jilla` (`id`, `name`, `name_guj`) VALUES
(1, 'Aravalli', 'અરવલ્લી'),
(2, 'Sabarkantha', 'સાંબરકાંઠા');

-- --------------------------------------------------------

--
-- Table structure for table `roles`
--

CREATE TABLE IF NOT EXISTS `roles` (
  `role_id` int(11) NOT NULL AUTO_INCREMENT,
  `role_name` varchar(50) CHARACTER SET utf8 NOT NULL,
  `role_code` varchar(50) CHARACTER SET utf8 NOT NULL,
  PRIMARY KEY (`role_id`)
) ENGINE=InnoDB DEFAULT CHARSET=latin1 AUTO_INCREMENT=1 ;

-- --------------------------------------------------------

--
-- Table structure for table `taluka`
--

CREATE TABLE IF NOT EXISTS `taluka` (
  `id` int(11) unsigned NOT NULL AUTO_INCREMENT,
  `name` varchar(50) DEFAULT NULL,
  `name_guj` varchar(255) DEFAULT NULL,
  `jilla_id` int(11) NOT NULL,
  PRIMARY KEY (`id`)
) ENGINE=InnoDB  DEFAULT CHARSET=utf8 AUTO_INCREMENT=15 ;

--
-- Dumping data for table `taluka`
--

INSERT INTO `taluka` (`id`, `name`, `name_guj`, `jilla_id`) VALUES
(1, 'BAYAD', 'બાયડ', 1),
(2, 'BHILODA', 'ભીલોડા', 1),
(3, 'DHANSURA', 'ધનસુરા', 1),
(4, 'HIMATNAGAR', 'હિમતનગર', 2),
(5, 'IDAR', 'ઇડર', 2),
(6, 'KHEDBRAHMA', 'ખેડબ્રહ્મા', 2),
(7, 'MALPUR', 'માલપુર', 1),
(8, 'MEGHRAJ', 'મેઘરજ', 1),
(9, 'MODASA', 'મોડાસા', 1),
(10, 'PRANTIJ', 'પ્રાંતિજ', 2),
(11, 'TALOD', 'તલોદ', 2),
(12, 'VADALI', 'વડાલી', 2),
(13, 'VIJAYNAGAR', 'વિજયનગર', 2),
(14, 'testin', 'ggghgh', 1);

-- --------------------------------------------------------

--
-- Table structure for table `tbl_caste`
--

CREATE TABLE IF NOT EXISTS `tbl_caste` (
  `id` int(11) unsigned NOT NULL AUTO_INCREMENT,
  `name` varchar(50) DEFAULT NULL,
  `name_guj` varchar(255) DEFAULT NULL,
  PRIMARY KEY (`id`)
) ENGINE=InnoDB  DEFAULT CHARSET=utf8 AUTO_INCREMENT=6 ;

--
-- Dumping data for table `tbl_caste`
--

INSERT INTO `tbl_caste` (`id`, `name`, `name_guj`) VALUES
(1, 'select', 'પસંદ કરો'),
(2, '', 'અનુ.જાતિ'),
(3, '', 'અનુ.જનજાતિ'),
(4, NULL, 'સામાજીક અને શૈક્ષણિક રીતે પછાત'),
(5, NULL, 'અન્ય');

-- --------------------------------------------------------

--
-- Table structure for table `tbl_family`
--

CREATE TABLE IF NOT EXISTS `tbl_family` (
  `family_id` int(11) NOT NULL AUTO_INCREMENT,
  `anganwadi_id` int(11) NOT NULL,
  `family_rank` int(11) NOT NULL,
  `jati_id` int(11) NOT NULL,
  `dharm_id` int(11) NOT NULL,
  `sthal_id` int(11) NOT NULL,
  `sthal_value` varchar(255) CHARACTER SET utf8 NOT NULL,
  `laghumati` int(11) NOT NULL,
  `create_date` timestamp NOT NULL DEFAULT CURRENT_TIMESTAMP ON UPDATE CURRENT_TIMESTAMP,
  PRIMARY KEY (`family_id`)
) ENGINE=InnoDB  DEFAULT CHARSET=latin1 AUTO_INCREMENT=117 ;

--
-- Dumping data for table `tbl_family`
--

INSERT INTO `tbl_family` (`family_id`, `anganwadi_id`, `family_rank`, `jati_id`, `dharm_id`, `sthal_id`, `sthal_value`, `laghumati`, `create_date`) VALUES
(19, 2, 12, 2, 3, 3, 'Sd', 0, '2014-11-08 12:50:01'),
(24, 2, 768686677, 4, 4, 4, 'Jnnhkjh', 2, '2014-11-09 17:58:10'),
(25, 2, 8488488, 3, 3, 3, 'Gngmm', 2, '2014-11-09 18:14:26'),
(26, 3, 11, 5, 6, 5, 'Vasna ', 1, '2014-11-10 01:02:45'),
(27, 2, 21, 2, 2, 3, 'test', 1, '2014-11-10 01:17:14'),
(29, 4, 2, 2, 4, 3, '????', 1, '2014-11-10 04:09:29'),
(30, 4, 1, 2, 4, 3, '????', 1, '2014-11-10 04:10:16'),
(31, 4, 6, 2, 4, 2, 'Chandkeda', 2, '2014-11-10 04:20:33'),
(32, 5, 1, 3, 4, 4, 'Fmfjjf', 1, '2014-11-10 05:19:19'),
(33, 4, 8, 2, 4, 4, 'Ghatlodya', 2, '2014-11-10 06:48:59'),
(35, 4, 10, 2, 1, 3, 'Dftr', 1, '2014-11-10 07:06:19'),
(36, 3, 12, 5, 6, 5, '૧૧૫', 1, '2014-11-15 13:37:02'),
(37, 3, 80, 2, 4, 4, 'Motera', 1, '2014-11-10 07:41:05'),
(38, 3, 13, 5, 4, 5, '૧૨૦', 2, '2014-11-15 13:38:07'),
(39, 3, 14, 2, 4, 5, 'Chandkheda', 1, '2014-11-10 07:50:30'),
(40, 4, 20, 2, 4, 2, 'Motera', 1, '2014-11-10 07:57:51'),
(41, 4, 152, 2, 4, 5, 'Chandkheda', 2, '2014-11-10 08:06:11'),
(42, 4, 800, 2, 4, 2, 'Motera', 1, '2014-11-10 08:09:31'),
(43, 4, 81, 2, 4, 2, 'Ghot', 1, '2014-11-10 08:18:03'),
(44, 3, 154, 5, 4, 5, 'Vadaj', 2, '2014-11-10 08:26:19'),
(46, 3, 1, 5, 4, 5, '??????', 1, '2014-11-10 10:24:55'),
(47, 1, 3, 5, 5, 3, 'મુમનવાસ', 1, '2014-11-15 13:39:26'),
(48, 2, 555, 2, 3, 4, 'Hchghgcch', 2, '2014-11-10 10:44:19'),
(49, 1, 5, 5, 5, 3, 'મુમનવાસ', 1, '2014-11-15 13:41:09'),
(50, 1, 6, 5, 5, 3, 'મુમનવાસ', 1, '2014-11-15 13:41:32'),
(51, 2, 1546, 2, 4, 4, 'Zvnsj', 2, '2014-11-10 17:32:40'),
(52, 2, 8986, 4, 5, 4, 'Gjhffhfufu', 1, '2014-11-10 17:41:59'),
(53, 2, 564656655, 2, 2, 4, '?????????????', 2, '2014-11-10 17:49:18'),
(54, 2, 2147483647, 2, 2, 4, 'સંવુનથયતમોરણન', 2, '2014-11-10 17:57:53'),
(55, 2, 53535333, 2, 6, 4, 'સૌતી', 2, '2014-11-10 18:12:54'),
(56, 1, 9, 5, 5, 3, 'મુમનવાસ ', 1, '2014-11-15 13:44:48'),
(57, 1, 15, 5, 5, 3, 'મુમનવાસ', 1, '2014-11-15 13:45:03'),
(58, 1, 16, 5, 5, 3, 'મુમનવાસ', 1, '2014-11-15 13:45:19'),
(59, 1, 8, 5, 5, 3, 'મુમનવાસ', 1, '2014-11-15 13:45:36'),
(60, 1, 17, 5, 5, 3, 'મુમનવાસ', 1, '2014-11-15 13:45:54'),
(61, 1, 7, 5, 5, 3, 'મુમનવાસ', 1, '2014-11-15 13:47:29'),
(62, 1, 18, 5, 5, 3, 'મુમનવાસ', 1, '2014-11-15 13:47:47'),
(63, 1, 19, 5, 5, 3, 'મુમનવાસ', 1, '2014-11-15 13:48:06'),
(64, 1, 10, 5, 5, 3, 'મુમનવાસ', 1, '2014-11-15 13:48:31'),
(65, 1, 11, 5, 5, 3, 'મુમનવાસ', 1, '2014-11-15 13:49:14'),
(66, 1, 13, 5, 5, 3, 'મુમનવાસ', 1, '2014-11-15 13:49:33'),
(67, 1, 14, 5, 5, 3, 'મુમનવાસ', 1, '2014-11-15 13:49:50'),
(68, 1, 24, 5, 5, 3, 'મુમનવાસ', 1, '2014-11-15 13:50:07'),
(69, 1, 12, 5, 5, 3, 'મુમનવાસ', 1, '2014-11-15 13:50:36'),
(70, 1, 25, 5, 5, 3, 'મુમનવાસ', 1, '2014-11-15 13:50:54'),
(71, 1, 26, 5, 5, 3, 'મુમનવાસ', 1, '2014-11-15 13:51:12'),
(72, 1, 27, 5, 5, 3, 'મુમનવાસ', 1, '2014-11-15 13:51:31'),
(73, 1, 20, 5, 5, 3, 'મુમનવાસ', 1, '2014-11-15 13:52:36'),
(74, 1, 28, 5, 5, 3, 'મુમનવાસ', 1, '2014-11-15 13:52:58'),
(75, 1, 21, 5, 5, 3, 'મુમનવાસ', 1, '2014-11-15 13:53:32'),
(76, 1, 22, 5, 5, 3, 'મુમનવાસ', 1, '2014-11-15 13:53:58'),
(78, 1, 23, 5, 5, 3, 'મુમનવાસ', 1, '2014-11-15 13:54:18'),
(79, 1, 2, 5, 5, 3, 'મુમનવાસ', 1, '2014-11-13 07:58:47'),
(80, 1, 4, 5, 5, 3, 'મુમનવાસ', 1, '2014-11-13 08:42:02'),
(81, 1, 29, 5, 5, 3, 'જૂની મસ્જીદવાસ', 1, '2014-11-14 07:32:11'),
(82, 1, 30, 5, 5, 3, 'જૂની મસ્જીદવાસ', 1, '2014-11-14 07:32:19'),
(83, 1, 31, 5, 5, 3, 'જૂની મસ્જીદવાસ', 1, '2014-11-14 07:31:44'),
(84, 1, 1, 5, 5, 3, 'મુમનવાસ', 1, '2014-11-15 13:56:05'),
(85, 1, 32, 5, 5, 3, 'જૂની મસ્જીદવાસ', 1, '2014-11-14 07:32:25'),
(86, 1, 33, 5, 5, 3, 'જૂની મસ્જીદવાસ', 1, '2014-11-14 07:32:30'),
(87, 1, 34, 5, 5, 3, 'જૂની મસ્જીદવાસ', 1, '2014-11-14 07:32:37'),
(88, 1, 35, 5, 5, 3, 'જૂની મસ્જીદવાસ', 1, '2014-11-14 07:32:44'),
(89, 2, 5089, 4, 4, 2, 'F78', 1, '2014-11-14 18:03:22'),
(90, 1, 48, 5, 5, 3, 'જૂની મસ્જીદરોડ', 1, '2014-11-15 07:08:52'),
(91, 1, 49, 5, 5, 3, 'જૂની મસ્જીદ રોડ', 1, '2014-11-15 07:18:56'),
(92, 1, 50, 5, 5, 3, 'જૂની મસ્જીદવાસ', 1, '2014-11-15 07:28:05'),
(93, 1, 51, 5, 5, 3, 'જુની મસ્જીદ વાસ', 1, '2014-11-15 07:37:35'),
(94, 1, 52, 5, 5, 3, 'જૂની મસ્જીદવાદ', 1, '2014-11-15 07:51:11'),
(95, 1, 53, 5, 5, 3, 'જુની મસ્જીદ વાસ', 1, '2014-11-15 12:10:20'),
(96, 1, 54, 5, 5, 3, 'જૂનીમસ્જીદવાસ', 1, '2014-11-15 08:07:50'),
(97, 1, 55, 5, 5, 3, 'હરિજનવાસ', 1, '2014-11-15 08:24:20'),
(98, 1, 56, 5, 5, 3, 'હરિજનવાસ', 1, '2014-11-15 08:32:39'),
(99, 1, 57, 5, 5, 3, 'હરિજનવાસ', 1, '2014-11-15 08:51:50'),
(100, 1, 58, 5, 5, 3, 'હરિજનવાસ', 1, '2014-11-15 09:05:30'),
(101, 1, 59, 5, 4, 3, 'પ્રજાપતિવાસ', 1, '2014-11-15 09:18:29'),
(102, 1, 60, 5, 5, 3, 'કુભારવાસ', 1, '2014-11-15 09:26:04'),
(103, 1, 61, 4, 4, 3, 'કુભારવાસ', 1, '2014-11-15 09:53:32'),
(104, 1, 62, 4, 4, 3, 'કુભારવાસ', 1, '2014-11-15 10:01:02'),
(105, 1, 63, 4, 4, 3, 'કુભારવાસ', 1, '2014-11-15 10:19:12'),
(106, 1, 37, 5, 5, 3, 'જૂની મસજીદવાસજ', 1, '2014-11-15 12:22:49'),
(107, 1, 38, 5, 5, 3, 'જૂની મસજીદવાસ', 1, '2014-11-15 12:22:51'),
(108, 1, 39, 5, 5, 3, 'જૂની મસજીદવાસ', 1, '2014-11-15 12:22:52'),
(109, 1, 42, 5, 5, 3, 'જૂની મસ્જીદવાસ', 1, '2014-11-15 12:22:54'),
(110, 1, 43, 5, 5, 3, 'જૂની મસ્જીદવાસ', 1, '2014-11-15 12:22:56'),
(111, 1, 44, 5, 5, 3, 'જૂની મસ્જીદવાસ', 1, '2014-11-15 12:22:57'),
(112, 1, 40, 5, 5, 3, 'જૂનીમસ્જીદવાસ', 1, '2014-11-15 12:22:58'),
(113, 1, 41, 5, 5, 3, 'જૂની મસ્જીદવાસ', 1, '2014-11-15 12:22:59'),
(114, 1, 45, 5, 5, 3, 'જૂની મસ્જીદવાસ', 1, '2014-11-15 12:23:03'),
(115, 1, 47, 5, 5, 3, 'જૂની મસ્જીદવાસ', 1, '2014-11-15 12:23:05');

-- --------------------------------------------------------

--
-- Table structure for table `tbl_family_person`
--

CREATE TABLE IF NOT EXISTS `tbl_family_person` (
  `family_person_id` int(11) NOT NULL AUTO_INCREMENT,
  `family_id` int(11) NOT NULL,
  `person_rank` varchar(255) CHARACTER SET utf8 NOT NULL,
  `uid_aadharnumber` varchar(255) CHARACTER SET utf8 NOT NULL,
  `first_name` varchar(255) CHARACTER SET utf8 NOT NULL,
  `middle_name` varchar(255) CHARACTER SET utf8 NOT NULL,
  `last_name` varchar(255) CHARACTER SET utf8 NOT NULL,
  `relation_with_main_person` int(11) NOT NULL,
  `gender` int(11) NOT NULL,
  `merridial_status` int(11) NOT NULL,
  `birth_date` datetime DEFAULT NULL,
  `ageIn_year` int(3) NOT NULL,
  `ageIn_month` int(2) NOT NULL,
  `mother_name` varchar(255) CHARACTER SET utf8 NOT NULL,
  `lakshyank_code` varchar(255) CHARACTER SET utf8 NOT NULL,
  `khodkhapan_type` int(11) NOT NULL,
  `anganwadi_kendra_vistar_rehvasi` varchar(255) CHARACTER SET utf8 NOT NULL,
  `gam_shift_date` datetime DEFAULT NULL,
  `gam_out_shift_date` datetime DEFAULT NULL,
  `die_date` datetime DEFAULT NULL,
  `purak_aahar` varchar(255) CHARACTER SET utf8 NOT NULL,
  `purv_prathmik_shikshan` varchar(255) CHARACTER SET utf8 NOT NULL,
  `create_date` timestamp NOT NULL DEFAULT CURRENT_TIMESTAMP ON UPDATE CURRENT_TIMESTAMP,
  PRIMARY KEY (`family_person_id`),
  KEY `family_id` (`family_id`)
) ENGINE=InnoDB  DEFAULT CHARSET=latin1 AUTO_INCREMENT=1249 ;

--
-- Dumping data for table `tbl_family_person`
--

INSERT INTO `tbl_family_person` (`family_person_id`, `family_id`, `person_rank`, `uid_aadharnumber`, `first_name`, `middle_name`, `last_name`, `relation_with_main_person`, `gender`, `merridial_status`, `birth_date`, `ageIn_year`, `ageIn_month`, `mother_name`, `lakshyank_code`, `khodkhapan_type`, `anganwadi_kendra_vistar_rehvasi`, `gam_shift_date`, `gam_out_shift_date`, `die_date`, `purak_aahar`, `purv_prathmik_shikshan`, `create_date`) VALUES
(42, 19, '1', 'yu', 'Hdj', 'Y', 'Oi', 1, 2, 1, '2008-11-08 00:00:00', 5, 5, 'Yt', 'C', 4, '0', '2008-11-08 00:00:00', '2011-11-08 00:00:00', '0000-00-00 00:00:00', '1', '1', '2014-11-08 18:12:57'),
(49, 25, '4488488', 'gnn', 'Fgngnnfgng', 'Ghmhm', 'n Vnmm', 2, 3, 3, '1992-11-09 00:00:00', 21, 5, '', '4', 4, '2', '0000-00-00 00:00:00', '0000-00-00 00:00:00', '0000-00-00 00:00:00', '1', '1', '2014-11-09 18:14:26'),
(50, 26, '01', 'Guj/adi/12345', 'Jayantilal', 'Kalidas', 'Shah', 2, 2, 2, '1944-11-10 00:00:00', 69, 5, '', '2', 2, '1', '2014-11-10 00:00:00', '0000-00-00 00:00:00', '0000-00-00 00:00:00', '1', '1', '2014-11-10 01:02:45'),
(51, 26, '02', 'Guj/adi/67890', 'Sushilaben', 'Jayantilal', 'Shah', 3, 3, 2, '1950-07-01 00:00:00', 63, 9, '', '2', 2, '1', '0000-00-00 00:00:00', '0000-00-00 00:00:00', '0000-00-00 00:00:00', '1', '1', '2014-11-10 01:02:45'),
(52, 26, '03', 'Guj/Adi/09876', 'Ashok', 'Jayantila', 'Shah', 5, 2, 2, '1974-02-27 00:00:00', 40, 2, '', '2', 2, '1', '0000-00-00 00:00:00', '0000-00-00 00:00:00', '0000-00-00 00:00:00', '1', '1', '2014-11-10 01:02:45'),
(53, 26, '04', 'guj/adi/54321', 'Dimple', 'Ashokkumar', 'Shah', 7, 3, 2, '1985-08-15 00:00:00', 28, 8, '', '2', 4, '1', '0000-00-00 00:00:00', '0000-00-00 00:00:00', '0000-00-00 00:00:00', '0', '1', '2014-11-10 01:02:45'),
(54, 26, '05', 'guj/adi/1234567890', 'Ayushi', 'Ashikkumar', 'Shah', 21, 3, 3, '2010-11-20 00:00:00', 3, 5, 'Dimpleben Ashokkumar Shah', '2', 2, '1', '0000-00-00 00:00:00', '0000-00-00 00:00:00', '0000-00-00 00:00:00', '1', '1', '2014-11-10 01:02:45'),
(59, 27, '1', '1', 'vidhi', 'p', 'sampat', 2, 3, 3, '2000-11-01 00:00:00', 14, 3, 'test', '2', 2, '1', '0000-00-00 00:00:00', '0000-00-00 00:00:00', '0000-00-00 00:00:00', '0', '0', '2014-11-10 01:26:03'),
(60, 29, '001', '25555', 'vikas', 'n', 'patel', 2, 2, 2, '1934-05-11 00:00:00', 79, 5, '', '1', 1, '0', '0000-00-00 00:00:00', '0000-00-00 00:00:00', '0000-00-00 00:00:00', '0', '0', '2014-11-10 04:09:29'),
(61, 29, '002', '25598856', 'milee', 'v', 'patel', 6, 3, 3, '2012-05-11 00:00:00', 1, 5, 'nibha', '1', 1, '1', '0000-00-00 00:00:00', '0000-00-00 00:00:00', '0000-00-00 00:00:00', '0', '0', '2014-11-10 04:09:29'),
(62, 29, '003', '55989', 'nibha', 'v', 'patel', 3, 3, 2, '1953-09-11 00:00:00', 60, 5, '', '1', 1, '1', '0000-00-00 00:00:00', '0000-00-00 00:00:00', '0000-00-00 00:00:00', '0', '0', '2014-11-10 04:09:29'),
(76, 36, '૦૦૧', 'ટેસ્ટ ૦૧', 'દેવેન્દ્ર', 'વીરેન્દ્ર', 'જૈન', 2, 2, 2, '1970-01-01 00:00:00', 36, 6, '', '2', 2, '1', '2014-11-01 00:00:00', '0000-00-00 00:00:00', '0000-00-00 00:00:00', '1', '1', '2014-11-10 07:45:24'),
(77, 36, '૦૦૨', '૦૨ ટેસ્ટ', 'પ્રિયંકા', 'દેવેન્દ્ર', 'જૈન', 3, 3, 2, '1970-01-01 00:00:00', 34, 1, '', '2', 2, '1', '2014-01-11 00:00:00', '0000-00-00 00:00:00', '0000-00-00 00:00:00', '1', '1', '2014-11-10 07:45:24'),
(78, 36, '૦૦૩', 'ટેસ્ટ ૦૦૩', 'મનય', 'દેવેન્દ્ર', 'જૈન', 5, 2, 3, '1970-01-01 00:00:00', 6, 10, 'પ્રિયંકા દેવેન્દ્ર જૈન', '5', 2, '1', '2014-11-01 00:00:00', '2014-11-10 00:00:00', '0000-00-00 00:00:00', '1', '1', '2014-11-10 07:45:24'),
(79, 38, '૦૦૧', '૦૦૧ વ', 'વિકાસ', 'નગીનભાઈ', 'પટેલ', 2, 2, 2, '1980-06-08 00:00:00', 33, 8, '', '2', 2, '1', '2014-10-11 00:00:00', '2014-10-11 00:00:00', '0000-00-00 00:00:00', '1', '1', '2014-11-10 07:47:15'),
(80, 39, '01', 'guj/adi1233', 'Vinayak', 'Naginbhai', 'Patel', 2, 2, 2, '1979-11-10 00:00:00', 34, 5, '', '2', 2, '1', '0000-00-00 00:00:00', '0000-00-00 00:00:00', '0000-00-00 00:00:00', '1', '1', '2014-11-10 07:50:30'),
(81, 39, '02', 'guj/adi12345', 'Vimal', 'Naginbhai', 'Patel', 2, 2, 2, '1977-11-10 00:00:00', 36, 5, '', '2', 2, '1', '0000-00-00 00:00:00', '0000-00-00 00:00:00', '0000-00-00 00:00:00', '0', '1', '2014-11-10 07:50:30'),
(82, 41, '01', 'guja13365', 'Bhalabhai', 'Vipulbhai', 'Parmar', 2, 2, 2, '1949-07-10 00:00:00', 64, 9, '', '2', 2, '1', '0000-00-00 00:00:00', '0000-00-00 00:00:00', '0000-00-00 00:00:00', '1', '1', '2014-11-10 08:06:11'),
(83, 42, '01', '56558555', 'Nirav', 'R', 'Raval', 2, 2, 2, '1970-06-05 00:00:00', 43, 10, '', '2', 2, '1', '0000-00-00 00:00:00', '0000-00-00 00:00:00', '0000-00-00 00:00:00', '1', '1', '2014-11-10 08:09:31'),
(84, 43, '001', '58889', 'Disha', 'V', 'Patel', 6, 3, 3, '2012-11-10 00:00:00', 1, 5, 'Priti', '2', 2, '1', '0000-00-00 00:00:00', '0000-00-00 00:00:00', '0000-00-00 00:00:00', '1', '1', '2014-11-10 08:18:03'),
(85, 43, '002', 'fghhjgf', 'Vinayak', 'N', 'P', 2, 2, 2, '1983-11-10 00:00:00', 30, 5, '', '2', 2, '1', '0000-00-00 00:00:00', '0000-00-00 00:00:00', '0000-00-00 00:00:00', '1', '1', '2014-11-10 08:18:03'),
(91, 46, '01', '???/???/??????', '??????? ', '????????', '????? ', 2, 2, 2, '1955-11-10 00:00:00', 65, 5, '???????', '2', 2, '1', '0000-00-00 00:00:00', '0000-00-00 00:00:00', '0000-00-00 00:00:00', '1', '0', '2014-11-10 10:24:55'),
(113, 51, '649', 'bsh', 'Jshs', 'Hheh', 'Jwhs', 2, 2, 2, '2009-11-10 00:00:00', 4, 5, 'Hgfh', '2', 2, '2', '0000-00-00 00:00:00', '0000-00-00 00:00:00', '0000-00-00 00:00:00', '0', '0', '2014-11-10 17:32:40'),
(114, 52, '86535', 'hgdgd', 'Gdyfyd', 'Cfhfu', 'Gguf', 2, 3, 4, '2007-11-10 00:00:00', 6, 5, '', '2', 2, '2', '0000-00-00 00:00:00', '0000-00-00 00:00:00', '0000-00-00 00:00:00', '1', '1', '2014-11-10 17:41:59'),
(115, 53, '45454', '6566566', '1???????', '????????', '????????', 2, 4, 5, '2010-11-10 00:00:00', 3, 5, '???? ', '5', 2, '2', '0000-00-00 00:00:00', '0000-00-00 00:00:00', '0000-00-00 00:00:00', '1', '1', '2014-11-10 17:49:18'),
(116, 54, '454541', '65665661', '1જકરુપરા', 'તમોરાખેં', 'હેરવનમળો', 2, 4, 5, '2010-11-10 00:00:00', 3, 5, 'સંજય ', '5', 2, '2', '0000-00-00 00:00:00', '0000-00-00 00:00:00', '0000-00-00 00:00:00', '1', '1', '2014-11-10 17:57:53'),
(117, 55, '5353355335', '535656', 'સંજય', 'સંગીત', 'સંબંધ', 2, 2, 3, '2010-11-10 00:00:00', 3, 5, 'સાંભળીને', '2', 2, '2', '0000-00-00 00:00:00', '0000-00-00 00:00:00', '0000-00-00 00:00:00', '1', '1', '2014-11-10 18:12:54'),
(678, 78, '૦૦૧', 'GJ/15106237022', 'અબ્દુલભાઈ', 'વલીભાઈ', 'મોમીન', 2, 2, 2, '1970-01-01 00:00:00', 56, 9, '', '2', 2, '1', '0000-00-00 00:00:00', '0000-00-00 00:00:00', '0000-00-00 00:00:00', '0', '0', '2014-11-12 11:41:57'),
(679, 78, '૦૦૨', 'GJ/15106237141', 'સલમાબેન', 'અબ્દુલભાઈ', 'મોમીન', 3, 3, 2, '1958-11-12 00:00:00', 55, 5, '', '2', 2, '1', '0000-00-00 00:00:00', '0000-00-00 00:00:00', '0000-00-00 00:00:00', '0', '0', '2014-11-12 11:41:57'),
(680, 78, '૦૦૩', 'LQG1885107', 'મોસીનહુસેન', 'અબ્દુલભાઈ', 'મોમીન', 5, 2, 2, '1970-01-01 00:00:00', 27, 2, '', '2', 2, '1', '0000-00-00 00:00:00', '0000-00-00 00:00:00', '0000-00-00 00:00:00', '0', '0', '2014-11-12 11:41:57'),
(681, 78, '૦૦૪', 'N A', 'રજીયાબેન', 'મોસીનહુસેન', 'મોમીન', 7, 3, 2, '1970-01-01 00:00:00', 26, 5, '', '2', 2, '1', '0000-00-00 00:00:00', '0000-00-00 00:00:00', '0000-00-00 00:00:00', '0', '0', '2014-11-12 11:41:57'),
(682, 78, '૦૦૫', 'N A', 'અનેશ', 'મોસીનહુસન', 'મોમીન', 8, 2, 3, '2009-08-08 00:00:00', 4, 8, 'રજીયાબેન', '5', 2, '1', '0000-00-00 00:00:00', '0000-00-00 00:00:00', '0000-00-00 00:00:00', '0', '0', '2014-11-12 11:41:57'),
(683, 78, '૦૦૬', 'LQG4200069', 'મો.સલમાન', 'અબ્દુલભાઈ', 'મોમીન', 5, 2, 2, '1970-01-01 00:00:00', 27, 1, '', '2', 2, '1', '0000-00-00 00:00:00', '0000-00-00 00:00:00', '0000-00-00 00:00:00', '0', '0', '2014-11-12 11:41:57'),
(684, 78, '૦૦૭', 'N A', 'મુનેરાબેન', 'મો.સલમાન', 'મોમીન', 7, 3, 2, '2000-11-12 00:00:00', 13, 5, '', '2', 2, '1', '0000-00-00 00:00:00', '0000-00-00 00:00:00', '0000-00-00 00:00:00', '0', '0', '2014-11-12 11:41:57'),
(685, 78, '૦૦૮', 'N A', 'ઝીયા', 'મો.સલમાન', 'મોમીન', 21, 3, 3, '1970-01-01 00:00:00', 0, -1, 'મુનેરાબેન', '5', 2, '1', '0000-00-00 00:00:00', '0000-00-00 00:00:00', '0000-00-00 00:00:00', '1', '1', '2014-11-12 11:41:57'),
(686, 79, '001', 'G J/15/106 237440', 'મસતુરાબેન', 'ઈસમાઈલભાઇ', 'વિજાપુરા', 2, 3, 5, '1953-06-01 00:00:00', 60, 10, '', '2', 2, '1', '0000-00-00 00:00:00', '0000-00-00 00:00:00', '0000-00-00 00:00:00', '0', '0', '2014-11-13 07:58:47'),
(687, 79, '002', 'G J/15/ 106 237038', 'મહેબુબભાઇ', 'ઈસમાઈલભાઈ', 'વિજાપુરા', 5, 2, 2, '1970-12-21 00:00:00', 43, 4, '', '2', 2, '1', '0000-00-00 00:00:00', '0000-00-00 00:00:00', '0000-00-00 00:00:00', '0', '0', '2014-11-13 07:58:47'),
(688, 79, '003', 'G J/15/106 237653', 'હનીફાબેન', 'મહેબુબભાઇ', 'વિજાપુરા', 7, 3, 2, '1969-06-01 00:00:00', 44, 10, '', '2', 2, '1', '0000-00-00 00:00:00', '0000-00-00 00:00:00', '0000-00-00 00:00:00', '0', '0', '2014-11-13 07:58:47'),
(689, 79, '004', '394654 988992', 'મોહંમદ ફૈસલ', 'મહેબુબભાઈ', 'વિજાપુરા', 8, 2, 3, '1994-04-15 00:00:00', 20, 0, '', '2', 2, '1', '0000-00-00 00:00:00', '0000-00-00 00:00:00', '0000-00-00 00:00:00', '0', '0', '2014-11-13 07:58:47'),
(690, 79, '005', 'N A', 'મુકદશબાનુ', 'મહેબુબભાઈ', 'વિજાપુરા', 21, 3, 3, '1997-04-03 00:00:00', 17, 0, '', '2', 2, '1', '0000-00-00 00:00:00', '0000-00-00 00:00:00', '0000-00-00 00:00:00', '0', '0', '2014-11-13 07:58:47'),
(701, 60, '૦૦૧', 'GJ/15106282764', 'નૂરભાઈ', 'ગુલામભાઈ', 'વિજાપુરા', 2, 2, 2, '1970-01-01 00:00:00', 65, 3, '', '2', 2, '1', '0000-00-00 00:00:00', '0000-00-00 00:00:00', '0000-00-00 00:00:00', '1', '1', '2014-11-13 08:10:54'),
(702, 60, '૦૦૨', 'GJ/15106237167', 'ફાતેમાબેન', 'નૂરભાઈ', 'વિજાપુરા', 3, 3, 2, '1949-02-02 00:00:00', 65, 2, '', '2', 2, '1', '0000-00-00 00:00:00', '0000-00-00 00:00:00', '0000-00-00 00:00:00', '0', '0', '2014-11-13 08:10:54'),
(703, 60, '૦૦૩', 'GJ/15106237037', 'ઇકબાલભાઈ', 'નૂરભાઈ', 'વિજાપુરા', 5, 2, 2, '1970-01-01 00:00:00', 42, 0, '', '2', 2, '1', '0000-00-00 00:00:00', '0000-00-00 00:00:00', '0000-00-00 00:00:00', '0', '0', '2014-11-13 08:10:54'),
(704, 60, '૦૦૪', 'GJ/15106237688', 'અસ્માબેન', 'ઇકબાલભાઈ', 'વિજાપુરા', 7, 3, 2, '1970-01-01 00:00:00', 41, 1, '', '2', 2, '1', '0000-00-00 00:00:00', '0000-00-00 00:00:00', '0000-00-00 00:00:00', '0', '0', '2014-11-13 08:10:54'),
(705, 60, '૦૦૫', 'XFL1887744', 'મોયુંદીન', 'ઇકબાલભાઈ', 'વિજાપુરા', 8, 2, 3, '1970-01-01 00:00:00', 19, 1, '', '2', 2, '1', '0000-00-00 00:00:00', '0000-00-00 00:00:00', '0000-00-00 00:00:00', '0', '0', '2014-11-13 08:10:54'),
(706, 60, '૦૦૬', 'N A', 'અનસાર', 'ઇકબાલભાઈ', 'વિજાપુરા', 8, 2, 3, '1970-01-01 00:00:00', 14, 3, '', '2', 2, '1', '0000-00-00 00:00:00', '0000-00-00 00:00:00', '0000-00-00 00:00:00', '0', '0', '2014-11-13 08:10:54'),
(707, 60, '૦૦૭', 'GJ/15106237576', 'યુસુફભાઈ', 'નૂરભાઈ', 'વિજાપુરા', 5, 2, 2, '1970-01-01 00:00:00', 37, 9, '', '2', 2, '1', '0000-00-00 00:00:00', '0000-00-00 00:00:00', '0000-00-00 00:00:00', '0', '0', '2014-11-13 08:10:54'),
(708, 60, '૦૦૮', 'LQG1836311', 'સલમાબેન', 'યુસુફભાઈ', 'વિજાપુરા', 7, 3, 2, '1978-09-07 00:00:00', 35, 7, '', '2', 2, '1', '0000-00-00 00:00:00', '0000-00-00 00:00:00', '0000-00-00 00:00:00', '0', '0', '2014-11-13 08:10:54'),
(709, 60, '૦૦૯', 'N A', 'મો.હુસેન ', 'યુસુફભાઈ', 'વિજાપુરા', 8, 2, 3, '1970-01-01 00:00:00', 12, 6, '', '2', 2, '1', '0000-00-00 00:00:00', '0000-00-00 00:00:00', '0000-00-00 00:00:00', '1', '1', '2014-11-13 08:10:54'),
(710, 60, '૦૧૦', 'N A', 'તસ્કીમબાનુ', 'યુસુફભાઈ', 'વિજાપુરા', 21, 3, 3, '2010-02-02 00:00:00', 4, 2, 'સલમાબેન', '5', 2, '1', '0000-00-00 00:00:00', '0000-00-00 00:00:00', '0000-00-00 00:00:00', '1', '1', '2014-11-13 08:10:54'),
(712, 56, '૦૦૧', 'જી.જે./૧૫/૦૬/૨૩૭૦૮૬', 'હાજીસુલેમાનભાઈ', 'ઇબ્રાહિમભાઈ', 'વિજાપુરા', 2, 2, 2, '1970-01-01 00:00:00', 80, 7, '', '1', 1, '1', '0000-00-00 00:00:00', '0000-00-00 00:00:00', '0000-00-00 00:00:00', '1', '0', '2014-11-13 08:11:42'),
(733, 57, '૦૦૧', 'GJ/15106239162', 'હલીમાબેન', 'ઈસ્માઈલભાઈ', 'વિજાપુરા', 2, 3, 5, '1944-05-01 00:00:00', 70, 3, '', '2', 2, '1', '0000-00-00 00:00:00', '0000-00-00 00:00:00', '0000-00-00 00:00:00', '0', '0', '2014-11-13 08:17:02'),
(734, 57, '૦૦૨', 'GJ/15106239075', 'દાઉદભાઈ', ' ઈસ્માઈલભાઈ', 'વિજાપુરા', 5, 2, 2, '1971-02-06 00:00:00', 42, 10, '', '2', 2, '1', '0000-00-00 00:00:00', '0000-00-00 00:00:00', '0000-00-00 00:00:00', '0', '0', '2014-11-13 08:17:02'),
(735, 57, '૦૦૩', 'GJ/15106237168', 'ફઝલફાતેમા', 'દાઉદભાઈ', 'વિજાપુરા ', 7, 3, 2, '1972-04-06 00:00:00', 41, 10, '', '2', 2, '1', '0000-00-00 00:00:00', '0000-00-00 00:00:00', '0000-00-00 00:00:00', '0', '0', '2014-11-13 08:17:02'),
(736, 57, '૦૦૪', 'XFL1699818', 'બીનઅમીન', 'દાઉદભાઈ', 'વિજાપુરા', 8, 2, 3, '1970-01-01 00:00:00', 21, 0, '', '2', 2, '1', '0000-00-00 00:00:00', '0000-00-00 00:00:00', '0000-00-00 00:00:00', '0', '0', '2014-11-13 08:17:02'),
(737, 57, '૦૦૫', 'N A', 'રોહમાબાનુ', 'દાઉદભાઈ ', 'વિજાપુરા', 21, 3, 3, '1970-01-01 00:00:00', 16, 11, '', '2', 2, '1', '0000-00-00 00:00:00', '0000-00-00 00:00:00', '0000-00-00 00:00:00', '0', '0', '2014-11-13 08:17:02'),
(738, 57, '૦૦૬', 'GJ/15106237007', 'મો.યુનુસ', 'ઈસ્માઈલભાઈ', ' વિજાપુરા', 5, 2, 2, '1970-01-01 00:00:00', 38, 6, '', '2', 2, '1', '0000-00-00 00:00:00', '0000-00-00 00:00:00', '0000-00-00 00:00:00', '0', '0', '2014-11-13 08:17:02'),
(739, 57, '૦૦૭', 'LQG1834043', 'મસુદાબેન', 'મો.યુનુસ', ' વિજાપુરા', 7, 3, 2, '1970-01-01 00:00:00', 35, 6, '', '2', 2, '1', '0000-00-00 00:00:00', '0000-00-00 00:00:00', '0000-00-00 00:00:00', '0', '0', '2014-11-13 08:17:02'),
(740, 57, '૦૦૮', 'N A', 'મો..શૈફ ', 'મો.યુનુસ', ' વિજાપુરા', 8, 2, 3, '1970-01-01 00:00:00', 15, 6, '', '2', 2, '1', '0000-00-00 00:00:00', '0000-00-00 00:00:00', '0000-00-00 00:00:00', '0', '0', '2014-11-13 08:17:02'),
(741, 57, '૦૦૯', 'N A', 'સેહમાબાનુ', ' મો.યુનુસ', 'વિજાપુરા', 21, 3, 3, '1970-01-01 00:00:00', 10, 11, '', '2', 2, '1', '0000-00-00 00:00:00', '0000-00-00 00:00:00', '0000-00-00 00:00:00', '1', '1', '2014-11-13 08:17:02'),
(742, 57, '૦૧૦', 'N A', 'મો.હાનીશ', 'મો.યુનુસ', 'વિજાપુરા', 8, 2, 3, '2013-10-04 00:00:00', 0, 6, 'મસુદાબેન', '5', 2, '1', '0000-00-00 00:00:00', '0000-00-00 00:00:00', '0000-00-00 00:00:00', '1', '1', '2014-11-13 08:17:02'),
(753, 58, '૦૦૧', 'GJ/15106237333', 'આબિદભાઈ', 'ઈસ્માઈલભાઈ', 'મોમીન', 2, 2, 2, '1975-01-05 00:00:00', 39, 3, '', '2', 2, '1', '0000-00-00 00:00:00', '0000-00-00 00:00:00', '0000-00-00 00:00:00', '0', '0', '2014-11-13 08:34:03'),
(754, 58, '૦૦૨', 'GJ/15106282708', 'સુમૈયાબેન', 'આબિદભાઈ', 'મોમીન', 3, 3, 2, '1970-01-01 00:00:00', 38, 6, '', '2', 2, '1', '0000-00-00 00:00:00', '0000-00-00 00:00:00', '0000-00-00 00:00:00', '0', '0', '2014-11-13 08:34:03'),
(755, 58, '૦૦૩', 'XFL1809169', 'ગજાલબાનુ', 'આબિદભાઈ', 'મોમીન', 6, 3, 3, '1970-01-01 00:00:00', 19, 10, '', '2', 2, '1', '0000-00-00 00:00:00', '0000-00-00 00:00:00', '0000-00-00 00:00:00', '0', '0', '2014-11-13 08:34:03'),
(756, 58, '૦૦૪', 'N A', 'મો.શકીલ', 'આબિદભાઈ', 'મોમીન', 5, 2, 3, '1970-01-01 00:00:00', 16, 9, '', '2', 2, '1', '0000-00-00 00:00:00', '0000-00-00 00:00:00', '0000-00-00 00:00:00', '0', '0', '2014-11-13 08:34:03'),
(757, 58, '૦૦૫', 'N A', 'સનીયાબાનુ', 'આબિદભાઈ', 'મોમીન', 6, 3, 3, '1970-01-01 00:00:00', 13, 4, '', '2', 2, '1', '0000-00-00 00:00:00', '0000-00-00 00:00:00', '0000-00-00 00:00:00', '0', '0', '2014-11-13 08:34:03'),
(758, 59, '૦૦૧', 'LQG1836931', 'ઈસ્માઈલભાઈ', 'ઈબ્રાહીમભાઈ', 'વિજાપુરા', 2, 2, 2, '1948-04-11 00:00:00', 65, 5, '', '2', 2, '1', '0000-00-00 00:00:00', '0000-00-00 00:00:00', '0000-00-00 00:00:00', '0', '0', '2014-11-13 08:36:37'),
(759, 59, '૦૦૨', 'LQG1814340', 'જુબેદાબેન', 'ઈસ્માઈલભાઈ', 'વિજાપુરા', 3, 3, 2, '1970-01-01 00:00:00', 62, 5, '', '2', 2, '1', '0000-00-00 00:00:00', '0000-00-00 00:00:00', '0000-00-00 00:00:00', '0', '0', '2014-11-13 08:36:37'),
(760, 59, '૦૦૩', 'LQG1838416', 'ઈરફાનભાઈ', 'ઈસ્માઈલભાઈ', 'વિજાપુરા', 5, 2, 2, '1970-01-01 00:00:00', 33, 8, '', '2', 2, '1', '0000-00-00 00:00:00', '0000-00-00 00:00:00', '0000-00-00 00:00:00', '0', '0', '2014-11-13 08:36:37'),
(761, 59, '૦૦૪', 'XFL1887736', 'મેમુતાબેન', 'ઈરફાનભાઈ', 'વિજાપુરા', 7, 3, 2, '1980-08-07 00:00:00', 33, 9, '', '2', 2, '1', '0000-00-00 00:00:00', '0000-00-00 00:00:00', '0000-00-00 00:00:00', '0', '0', '2014-11-13 08:36:37'),
(762, 59, '૦૦૫', 'N A', 'શેહબાન', 'ઈરફાનભાઈ', 'વિજાપુરા', 8, 2, 3, '2003-07-09 00:00:00', 10, 9, '', '2', 2, '1', '0000-00-00 00:00:00', '0000-00-00 00:00:00', '0000-00-00 00:00:00', '0', '0', '2014-11-13 08:36:37'),
(763, 59, '૦૦૬', 'N A', 'રીઝાબાનુ', 'ઈરફાનભાઈ', 'વિજાપુરા', 21, 3, 3, '1970-01-01 00:00:00', 5, 5, '', '2', 2, '0', '0000-00-00 00:00:00', '0000-00-00 00:00:00', '0000-00-00 00:00:00', '1', '1', '2014-11-13 08:36:37'),
(764, 61, '૦૦૧', 'N A', 'ઉરીબેન', 'ગુલામભાઈ', 'દાંત્રોલીયા', 2, 3, 3, '1939-06-01 00:00:00', 74, 10, '', '2', 2, '1', '0000-00-00 00:00:00', '0000-00-00 00:00:00', '0000-00-00 00:00:00', '0', '0', '2014-11-13 08:40:03'),
(765, 61, '૦૦૨', 'GJ/15106237201', 'ઈસ્માઈલભાઈ', 'ગુલામભાઈ', 'દાંત્રોલીયા', 5, 2, 2, '0000-00-00 00:00:00', 0, 0, '', '2', 2, '1', '0000-00-00 00:00:00', '0000-00-00 00:00:00', '0000-00-00 00:00:00', '0', '0', '2014-11-13 08:40:03'),
(766, 61, '૦૦૩', 'GJ/15106237132', 'હબીમાબેન', 'ઈસ્માઈલભાઈ', 'દાંત્રોલીયા', 7, 3, 2, '0000-00-00 00:00:00', 0, 0, '', '2', 2, '1', '0000-00-00 00:00:00', '0000-00-00 00:00:00', '0000-00-00 00:00:00', '0', '0', '2014-11-13 08:40:03'),
(767, 61, '૦૦૪', 'LQG4191931', 'મો.સોહેલ', 'ઈસ્માઈલભાઈ', 'દાંત્રોલીયા', 8, 2, 2, '1988-03-08 00:00:00', 25, 8, '', '2', 2, '1', '0000-00-00 00:00:00', '0000-00-00 00:00:00', '0000-00-00 00:00:00', '0', '0', '2014-11-13 08:40:03'),
(768, 61, '૦૦૫', 'XFL1809284', 'મીનકાઝબેન', 'સોહેલભાઈ', 'દાંત્રોલીયા ', 7, 3, 2, '1988-03-08 00:00:00', 25, 8, '', '2', 2, '1', '0000-00-00 00:00:00', '0000-00-00 00:00:00', '0000-00-00 00:00:00', '0', '0', '2014-11-13 08:40:03'),
(769, 61, '૦૦૬', 'N A', 'ફાતેમાબાનુ', 'મો.સોહેલ', 'દાંત્રોલીયા', 12, 3, 3, '2011-06-09 00:00:00', 2, 10, '', '2', 2, '1', '0000-00-00 00:00:00', '0000-00-00 00:00:00', '0000-00-00 00:00:00', '1', '1', '2014-11-13 08:40:03'),
(770, 61, '૦૦૭', 'XFL1444975', 'મો.સુબકાન', 'ઈસ્માઈલભાઈ', 'દાંત્રોલીયા', 8, 2, 3, '1970-01-01 00:00:00', 23, 11, '', '2', 2, '1', '0000-00-00 00:00:00', '0000-00-00 00:00:00', '0000-00-00 00:00:00', '0', '0', '2014-11-13 08:40:03'),
(771, 61, '૦૦૮', 'XFL1809276', 'સરતાઝબાનુ', 'ઈસ્માઈલભાઈ', 'દાંત્રોલીયા', 21, 3, 3, '1970-01-01 00:00:00', 20, 2, '', '2', 2, '1', '0000-00-00 00:00:00', '0000-00-00 00:00:00', '0000-00-00 00:00:00', '0', '0', '2014-11-13 08:40:03'),
(772, 80, '001', 'G J/15/106 237134', 'જમીલાબેન', 'ઈકબાલભાઇ', 'વિજાપુરા', 2, 3, 5, '1953-02-09 00:00:00', 61, 2, '', '2', 2, '1', '0000-00-00 00:00:00', '0000-00-00 00:00:00', '0000-00-00 00:00:00', '0', '0', '2014-11-13 08:42:02'),
(773, 80, '002', 'L Q R 1833854', 'બશીરભાઈ', 'ઈકબાલભાઇ', 'વિજાપુરા', 5, 2, 2, '1980-03-18 00:00:00', 34, 1, '', '2', 2, '1', '0000-00-00 00:00:00', '0000-00-00 00:00:00', '0000-00-00 00:00:00', '0', '0', '2014-11-13 08:42:02'),
(774, 80, '003', 'L Q R 4822946', 'સુફીયાબાનુ', 'બશીરભાઇ', 'વિજાપુરા', 7, 3, 2, '1982-03-10 00:00:00', 32, 1, '', '2', 2, '1', '0000-00-00 00:00:00', '0000-00-00 00:00:00', '0000-00-00 00:00:00', '0', '0', '2014-11-13 08:42:02'),
(775, 80, '004', 'N A', 'નોરીનબાનુ', 'બશીરભાઇ', 'વિજાપુરા', 21, 3, 3, '2003-06-28 00:00:00', 10, 10, '', '2', 2, '1', '0000-00-00 00:00:00', '0000-00-00 00:00:00', '0000-00-00 00:00:00', '0', '0', '2014-11-13 08:42:02'),
(776, 80, '005', 'N A', 'નીદાબાનુ', 'બશીરભાઈ', 'વિજાપુરા', 21, 3, 3, '2006-02-05 00:00:00', 8, 2, '', '2', 2, '1', '0000-00-00 00:00:00', '0000-00-00 00:00:00', '0000-00-00 00:00:00', '0', '0', '2014-11-13 08:42:02'),
(777, 80, '006', 'N A', 'આઈશાબાનુ', 'બશીરભાઈ', 'વિજાપુરા', 21, 3, 3, '2012-08-26 00:00:00', 1, 8, 'સુફીયાબેન', '5', 2, '1', '0000-00-00 00:00:00', '0000-00-00 00:00:00', '0000-00-00 00:00:00', '1', '0', '2014-11-13 08:42:02'),
(778, 80, '007', 'NA', 'ફાતેમાબાનુ', 'બશીરભાઈ', 'વિજાપુરા', 21, 3, 3, '2012-08-26 00:00:00', 1, 8, 'સુફીયાબેન', '5', 2, '1', '0000-00-00 00:00:00', '0000-00-00 00:00:00', '0000-00-00 00:00:00', '1', '0', '2014-11-13 08:42:02'),
(789, 64, '૦૦૧', 'GJ/15106237249', 'ફુલસુમબેન', 'વલીભાઈ', 'વિજાપુરા', 2, 3, 5, '1970-01-01 00:00:00', 65, 7, '', '2', 2, '1', '0000-00-00 00:00:00', '0000-00-00 00:00:00', '0000-00-00 00:00:00', '0', '0', '2014-11-13 08:45:13'),
(790, 64, '૦૦૨', 'GJ/15106237218', 'યામીનભાઈ', 'વલીભાઈ', 'વિજાપુરા ', 5, 2, 2, '1970-01-01 00:00:00', 46, 10, '', '2', 2, '1', '0000-00-00 00:00:00', '0000-00-00 00:00:00', '0000-00-00 00:00:00', '0', '0', '2014-11-13 08:45:13'),
(791, 64, '૦૦૩', 'LQG3708757', 'રજીયાબેન ', 'યામિનભાઈ', 'વિજાપુરા', 7, 3, 2, '1971-01-06 00:00:00', 43, 3, '', '2', 2, '1', '0000-00-00 00:00:00', '0000-00-00 00:00:00', '0000-00-00 00:00:00', '0', '0', '2014-11-13 08:45:13'),
(792, 64, '૦૦૪', 'XFL1444801', 'સલમાન ', 'યામીનભાઈ', 'વિજાપુરા ', 8, 2, 3, '1991-01-06 00:00:00', 22, 10, '', '2', 2, '1', '0000-00-00 00:00:00', '0000-00-00 00:00:00', '0000-00-00 00:00:00', '0', '0', '2014-11-13 08:45:14'),
(793, 64, '૦૦૫', 'N A ', 'મો.જેંદ', 'યામીનભાઈ', 'વિજાપુરા', 8, 2, 3, '1970-01-01 00:00:00', 15, 3, '', '2', 2, '0', '0000-00-00 00:00:00', '0000-00-00 00:00:00', '0000-00-00 00:00:00', '0', '0', '2014-11-13 08:45:14'),
(794, 64, '૦૦૬', 'GJ/15106237043', 'જાકીદભાઈ', 'વલીભાઈ', 'વિજાપુરા', 5, 2, 2, '1974-09-12 00:00:00', 39, 4, '', '2', 2, '1', '0000-00-00 00:00:00', '0000-00-00 00:00:00', '0000-00-00 00:00:00', '0', '0', '2014-11-13 08:45:14'),
(795, 64, '૦૦૭', 'LQG3708740', 'આરીફાબેન', 'જાકીદભાઈ', 'વિજાપુરા', 7, 3, 2, '1970-01-01 00:00:00', 39, 9, '', '2', 2, '1', '0000-00-00 00:00:00', '0000-00-00 00:00:00', '0000-00-00 00:00:00', '0', '0', '2014-11-13 08:45:14'),
(796, 64, '૦૦૮', 'N A', 'ઈરમબાનુ', 'જાકીદભાઈ', 'વિજાપુરા', 21, 3, 3, '1970-01-01 00:00:00', 15, 9, '', '2', 2, '1', '0000-00-00 00:00:00', '0000-00-00 00:00:00', '0000-00-00 00:00:00', '0', '0', '2014-11-13 08:45:14'),
(797, 64, '૦૦૯', 'N A', 'અનસ', 'જાકીદભાઈ', 'વિજાપુરા', 8, 2, 3, '2000-07-03 00:00:00', 14, 1, '', '2', 2, '1', '0000-00-00 00:00:00', '0000-00-00 00:00:00', '0000-00-00 00:00:00', '0', '0', '2014-11-13 08:45:14'),
(798, 64, '૦૧૦', 'GJ/15106237225', 'ફાતેમાબેન ', 'ઈબ્રાહીમભાઈ', 'વિજાપુરા', 24, 3, 5, '1948-09-01 00:00:00', 66, 3, '', '2', 2, '1', '0000-00-00 00:00:00', '0000-00-00 00:00:00', '0000-00-00 00:00:00', '0', '0', '2014-11-13 08:45:14'),
(799, 65, '૦૦૧', 'GJ/15106237213', ' યુનુસભાઈ', 'અલીભાઈ ', 'ખણુસિયા', 2, 2, 2, '1951-02-03 00:00:00', 63, 2, '', '2', 2, '1', '0000-00-00 00:00:00', '0000-00-00 00:00:00', '0000-00-00 00:00:00', '0', '0', '2014-11-13 08:47:48'),
(800, 65, '૦૦૨', 'GJ/15106237166', 'ખેરૂનબેન', 'યુનુસભાઈ', 'ખણુસિયા', 3, 3, 2, '1952-09-06 00:00:00', 61, 10, '', '2', 2, '1', '0000-00-00 00:00:00', '0000-00-00 00:00:00', '0000-00-00 00:00:00', '0', '0', '2014-11-13 08:47:48'),
(801, 65, '૦૦૩', 'GJ/15106237217', 'ઐયુબભાઈ', 'યુનુસભાઈ', 'ખણુસિયા', 5, 2, 2, '1970-01-01 00:00:00', 39, 7, '', '2', 2, '1', '0000-00-00 00:00:00', '0000-00-00 00:00:00', '0000-00-00 00:00:00', '0', '0', '2014-11-13 08:47:48'),
(802, 65, '૦૦૪', 'LQG1838267', 'વહીદાબેન', 'ઐયુબભાઈ', 'ખણુસિયા', 7, 3, 2, '1977-10-02 00:00:00', 36, 6, '', '2', 2, '1', '0000-00-00 00:00:00', '0000-00-00 00:00:00', '0000-00-00 00:00:00', '0', '0', '2014-11-13 08:47:48'),
(803, 65, '૦૦૫', 'N A', 'મો.શાઈમ', 'ઐયુબભાઈ', 'ખણુસિયા', 8, 2, 3, '1997-05-09 00:00:00', 16, 7, '', '2', 2, '1', '0000-00-00 00:00:00', '0000-00-00 00:00:00', '0000-00-00 00:00:00', '0', '0', '2014-11-13 08:47:48'),
(804, 65, '૦૦૬', 'N A', 'સાનીબાનુ', 'ઐયુબભાઈ', 'ખણુસિયા', 21, 3, 3, '2003-01-05 00:00:00', 11, 3, '', '2', 2, '0', '0000-00-00 00:00:00', '0000-00-00 00:00:00', '0000-00-00 00:00:00', '0', '0', '2014-11-13 08:47:49'),
(805, 66, '૦૦૧', 'GJ/15106237536', 'યાસીનભાઈ', 'ઇબ્રાહીમભાઈ', 'વિજાપુરા', 2, 2, 2, '1971-06-01 00:00:00', 42, 10, '', '2', 2, '1', '0000-00-00 00:00:00', '0000-00-00 00:00:00', '0000-00-00 00:00:00', '0', '0', '2014-11-13 08:49:42'),
(806, 66, '૦૦૨', 'LQG183397057', 'મેમુદાબેન', 'યાસીનભાઈ', 'વિજાપુરા', 3, 3, 2, '1970-01-01 00:00:00', 40, 11, '', '2', 2, '1', '0000-00-00 00:00:00', '0000-00-00 00:00:00', '0000-00-00 00:00:00', '0', '0', '2014-11-13 08:49:42'),
(807, 66, '૦૦૩', 'N A ', 'તરન્નુમબાનુ', 'યાસીનભાઈ', 'વિજાપુરા', 6, 3, 3, '1970-01-01 00:00:00', 18, 1, '', '2', 2, '1', '0000-00-00 00:00:00', '0000-00-00 00:00:00', '0000-00-00 00:00:00', '0', '0', '2014-11-13 08:49:42'),
(808, 66, '૦૦૪', 'N A', 'તહેરીનબાનુ', 'યાસીનભાઈ', 'વિજાપુરા', 6, 3, 3, '1970-01-01 00:00:00', 13, 10, '', '2', 2, '1', '0000-00-00 00:00:00', '0000-00-00 00:00:00', '0000-00-00 00:00:00', '0', '0', '2014-11-13 08:49:42'),
(809, 66, '૦૦૫', 'N A', 'મો.અસીર', 'યાસીનભાઈ', 'વિજાપુરા', 5, 2, 3, '1970-01-01 00:00:00', 11, 8, '', '2', 2, '1', '0000-00-00 00:00:00', '0000-00-00 00:00:00', '0000-00-00 00:00:00', '0', '1', '2014-11-13 08:49:42'),
(813, 71, '૦૦૧', 'N A', 'જૈનતબેન', 'રહેમાનશા', 'દીવાન', 2, 3, 5, '0000-00-00 00:00:00', 0, 0, '', '2', 2, '1', '0000-00-00 00:00:00', '0000-00-00 00:00:00', '0000-00-00 00:00:00', '0', '0', '2014-11-13 08:51:07'),
(814, 71, '૦૦૨', 'N A', 'ઈકબાલશા', 'રહેમાનશા', 'દિવાન', 5, 2, 2, '0000-00-00 00:00:00', 0, 0, '', '2', 2, '1', '0000-00-00 00:00:00', '0000-00-00 00:00:00', '0000-00-00 00:00:00', '0', '0', '2014-11-13 08:51:07'),
(815, 71, '૦૦૩', 'NA', 'રાબીયાબેન', 'ઇકબાલશા', 'દિવાન', 7, 3, 2, '0000-00-00 00:00:00', 0, 0, '', '2', 2, '1', '0000-00-00 00:00:00', '0000-00-00 00:00:00', '0000-00-00 00:00:00', '0', '0', '2014-11-13 08:51:07'),
(816, 67, '૦૦૧', 'GJ/15106237187', 'ફાતેમાબેન', 'ઈબ્રાહીમભાઈ', 'વિજાપુરા', 2, 3, 5, '1952-06-01 00:00:00', 61, 10, '', '2', 2, '1', '0000-00-00 00:00:00', '0000-00-00 00:00:00', '0000-00-00 00:00:00', '0', '0', '2014-11-13 08:54:15'),
(817, 67, '૦૦૨', 'N A', 'મહેબુબભાઈ', 'ઈબ્રાહીમભાઈ', 'વિજાપુરા', 5, 2, 2, '0000-00-00 00:00:00', 0, 0, '', '2', 2, '1', '0000-00-00 00:00:00', '0000-00-00 00:00:00', '0000-00-00 00:00:00', '0', '0', '2014-11-13 08:54:15'),
(818, 67, '૦૦૩', 'GJ/15106237435', 'આરેફાબેન', 'મહેબુબભાઇ', 'વિજાપુરા', 7, 3, 2, '0000-00-00 00:00:00', 0, 0, '', '2', 2, '1', '0000-00-00 00:00:00', '0000-00-00 00:00:00', '0000-00-00 00:00:00', '0', '0', '2014-11-13 08:54:15'),
(819, 67, '૦૦૪', 'XFL1609268', 'નાઝીયાબાનુ', 'મહેબુબભાઇ', 'વિજાપુરા', 21, 3, 3, '1970-01-01 00:00:00', 23, 1, '', '2', 2, '1', '0000-00-00 00:00:00', '0000-00-00 00:00:00', '0000-00-00 00:00:00', '0', '0', '2014-11-13 08:54:15'),
(820, 67, '૦૦૫', 'XFL1809292', 'જીલ્તજીબાનુ', 'મહેબુબભાઇ', 'વિજાપુરા', 21, 3, 3, '1970-01-01 00:00:00', 19, 9, '', '2', 2, '1', '0000-00-00 00:00:00', '0000-00-00 00:00:00', '0000-00-00 00:00:00', '0', '0', '2014-11-13 08:54:15'),
(821, 67, '૦૦૬', 'N A', 'મો.સોબાન', 'મહેબુબભાઈ', 'વિજાપુરા', 8, 2, 3, '1999-06-12 00:00:00', 14, 4, '', '2', 2, '1', '0000-00-00 00:00:00', '0000-00-00 00:00:00', '0000-00-00 00:00:00', '0', '0', '2014-11-13 08:54:15'),
(822, 68, '૦૦૧', 'DTL5538608', 'ખુરશીદાબેન', 'હમીદભાઈ', 'પઠાણ', 2, 3, 5, '1983-08-07 00:00:00', 0, 0, '', '2', 2, '1', '0000-00-00 00:00:00', '0000-00-00 00:00:00', '0000-00-00 00:00:00', '0', '0', '2014-11-13 08:56:56'),
(823, 68, '૦૦૨', 'N A', 'મોહમદ સલમાન', 'હમીદખાન', 'પઠાણ ', 5, 2, 3, '1993-09-08 00:00:00', 0, 0, '', '2', 1, '1', '0000-00-00 00:00:00', '0000-00-00 00:00:00', '0000-00-00 00:00:00', '0', '0', '2014-11-13 08:56:56'),
(824, 68, '૦૦૩', 'N A', 'ગુલનાજબાનુ', 'હમીદભાઈ', 'પઠાણ ', 6, 3, 3, '1998-10-04 00:00:00', 0, 0, '', '2', 1, '1', '0000-00-00 00:00:00', '0000-00-00 00:00:00', '0000-00-00 00:00:00', '0', '0', '2014-11-13 08:56:56'),
(825, 68, '૦૦૪', 'N A', 'મુસકાનબાનુ', 'હમીદભેખાન', 'પઠાણ', 6, 3, 3, '2004-05-04 00:00:00', 0, 0, '', '2', 2, '1', '0000-00-00 00:00:00', '0000-00-00 00:00:00', '0000-00-00 00:00:00', '0', '0', '2014-11-13 08:56:56'),
(826, 70, '૦૦૧', '407522361484', 'મુસતફાભાઈ', 'હસનભાઈ', 'જેંધવા', 2, 2, 2, '1970-01-01 00:00:00', 40, 11, '', '2', 2, '1', '0000-00-00 00:00:00', '0000-00-00 00:00:00', '0000-00-00 00:00:00', '0', '0', '2014-11-13 09:00:23'),
(827, 70, '૦૦૨', '583775251859', 'મૂમતાજબેન', 'મુસતફાભાઇ ', 'જેંધવા', 3, 3, 2, '1970-01-01 00:00:00', 38, 5, '', '2', 2, '1', '0000-00-00 00:00:00', '0000-00-00 00:00:00', '0000-00-00 00:00:00', '0', '0', '2014-11-13 09:00:23'),
(828, 70, '૦૦૩', '4220642015353', 'મુજદલફાબાનુ', 'મુસતફાભાઈ', 'જેંધવા', 6, 3, 3, '1970-01-01 00:00:00', 14, 4, '', '2', 2, '1', '0000-00-00 00:00:00', '0000-00-00 00:00:00', '0000-00-00 00:00:00', '0', '0', '2014-11-13 09:00:23'),
(829, 70, '૦૦૪', '873958844575', 'મુકરમાબેન', 'મુસતફાભાઈ', 'જેંધવા', 6, 3, 3, '2002-01-04 00:00:00', 12, 0, '', '2', 2, '1', '0000-00-00 00:00:00', '0000-00-00 00:00:00', '0000-00-00 00:00:00', '0', '0', '2014-11-13 09:00:23'),
(830, 70, '૦૦૫', '491492301719', 'મુસકાનબેન', 'મુસતફાભાઈ', 'જેંધવા', 6, 3, 3, '1970-01-01 00:00:00', 9, 8, '', '2', 2, '1', '0000-00-00 00:00:00', '0000-00-00 00:00:00', '0000-00-00 00:00:00', '0', '0', '2014-11-13 09:00:23'),
(831, 70, '૦૦૬', 'N A', 'સાદીયાબેન', 'મુસતફાભાઇ', 'જેંધવા', 6, 3, 3, '1970-01-01 00:00:00', 6, 6, '', '2', 2, '1', '0000-00-00 00:00:00', '0000-00-00 00:00:00', '0000-00-00 00:00:00', '0', '0', '2014-11-13 09:00:23'),
(832, 70, '૦૦૭', 'N A', 'મોહંમદ', 'મુસતફાભાઈ', 'જેંધવા', 5, 2, 3, '1970-01-01 00:00:00', 4, 4, 'મુમતાજબેન', '2', 2, '1', '0000-00-00 00:00:00', '0000-00-00 00:00:00', '0000-00-00 00:00:00', '1', '1', '2014-11-13 09:00:23'),
(833, 72, '૦૦૧', 'N A', 'કુલસુમબેન', 'વલીભાઈ', ' વિજાપુરા', 2, 3, 5, '0000-00-00 00:00:00', 0, 0, '', '2', 2, '1', '0000-00-00 00:00:00', '0000-00-00 00:00:00', '0000-00-00 00:00:00', '0', '0', '2014-11-13 09:05:23'),
(834, 72, '૦૦૨', 'G J/15/106 237164', 'ઇકબાલભાઈ', 'વલીભાઈ ', 'વિજાપુરા', 5, 2, 2, '0000-00-00 00:00:00', 0, 0, '', '2', 2, '1', '0000-00-00 00:00:00', '0000-00-00 00:00:00', '0000-00-00 00:00:00', '0', '0', '2014-11-13 09:05:23'),
(835, 72, '૦૦૩', 'G J /15/106 237173', 'આબેદાબેન', 'ઇકબાલભાઈ', 'વિજાપુરા', 7, 3, 2, '0000-00-00 00:00:00', 0, 0, '', '2', 2, '1', '0000-00-00 00:00:00', '0000-00-00 00:00:00', '0000-00-00 00:00:00', '0', '0', '2014-11-13 09:05:23'),
(836, 72, '૦૦૪', 'X F L 1444629', 'જૈનમબેન', 'વલીભાઈ', 'વિજાપુરા', 6, 3, 4, '0000-00-00 00:00:00', 0, 0, '', '2', 2, '1', '0000-00-00 00:00:00', '0000-00-00 00:00:00', '0000-00-00 00:00:00', '0', '0', '2014-11-13 09:05:23'),
(837, 72, '૦૦૫', 'G J /15/106 237186', 'ઇનાયત', 'ઈકબાલભાઈ', 'વિજાપુરા', 8, 2, 2, '0000-00-00 00:00:00', 0, 0, '', '2', 2, '1', '0000-00-00 00:00:00', '0000-00-00 00:00:00', '0000-00-00 00:00:00', '0', '0', '2014-11-13 09:05:23'),
(838, 72, '૦૦૬', 'G J /15/106 282742', 'રઇશાબેન', 'ઇનાયતભાઈ', 'વિજાપુરા', 7, 3, 2, '0000-00-00 00:00:00', 0, 0, '', '2', 2, '1', '0000-00-00 00:00:00', '0000-00-00 00:00:00', '0000-00-00 00:00:00', '0', '0', '2014-11-13 09:05:23'),
(839, 72, '૦૦૭', 'N A', 'અકદશબાનુ', 'ઈનાયતભાઈ', 'વિજાપુરા', 12, 3, 3, '0000-00-00 00:00:00', 0, 0, '', '2', 2, '1', '0000-00-00 00:00:00', '0000-00-00 00:00:00', '0000-00-00 00:00:00', '0', '0', '2014-11-13 09:05:23'),
(840, 72, '૦૦૮', 'NA', 'અરસદ', 'ઈનાયતભાઈ', 'વિજાપુરા', 10, 2, 3, '0000-00-00 00:00:00', 0, 0, '', '2', 2, '1', '0000-00-00 00:00:00', '0000-00-00 00:00:00', '0000-00-00 00:00:00', '0', '0', '2014-11-13 09:05:23'),
(841, 72, '૦૦૯', 'N A', 'અમાનભાઇ', 'ઈનાયતભાઈ', 'વિજાપુરા', 10, 2, 3, '0000-00-00 00:00:00', 0, 0, '', '2', 2, '1', '0000-00-00 00:00:00', '0000-00-00 00:00:00', '0000-00-00 00:00:00', '0', '0', '2014-11-13 09:05:24'),
(851, 69, '૦૦૧', 'GJ/15/106237276', 'મરીયમબેન', 'ગુલામભાઈ ', 'વિજાપુરા', 2, 3, 5, '1970-01-01 00:00:00', 84, 11, '', '2', 2, '1', '0000-00-00 00:00:00', '0000-00-00 00:00:00', '0000-00-00 00:00:00', '0', '0', '2014-11-13 09:11:42'),
(852, 69, '૦૦૨', '61317966875', 'ઇકબાલભાઈ', 'ગુલામભાઈ', 'વિજાપુરા', 5, 2, 2, '1955-06-01 00:00:00', 58, 10, '', '2', 2, '1', '0000-00-00 00:00:00', '0000-00-00 00:00:00', '0000-00-00 00:00:00', '0', '0', '2014-11-13 09:11:42'),
(853, 69, '૦૦૩', 'LQG183874', 'રકીમબેન', 'ઇકબાલભાઈ', 'વિજાપુરા', 7, 3, 2, '0000-00-00 00:00:00', 0, 0, '', '2', 2, '1', '0000-00-00 00:00:00', '0000-00-00 00:00:00', '0000-00-00 00:00:00', '0', '0', '2014-11-13 09:11:42'),
(854, 69, '૦૦૪', 'XFL1809151', 'સલમાબેન', 'ઇકબાલભાઈ', ' વિજાપુરા', 21, 3, 3, '1970-01-01 00:00:00', 19, 6, '', '2', 2, '1', '0000-00-00 00:00:00', '0000-00-00 00:00:00', '0000-00-00 00:00:00', '0', '0', '2014-11-13 09:11:42'),
(855, 69, '૦૦૫', 'XFL1809144', 'મો.યુસુફ ', 'ઇકબાલભાઈ', 'વિજાપુરા', 8, 2, 3, '1970-01-01 00:00:00', 19, 6, '', '2', 2, '1', '0000-00-00 00:00:00', '0000-00-00 00:00:00', '0000-00-00 00:00:00', '0', '0', '2014-11-13 09:11:42'),
(856, 69, '૦૦૬', 'GJ/15/106237138', 'મોહમદભાઈ', 'ગુલામભાઈ', 'વિજાપુરા', 5, 2, 2, '1965-05-05 00:00:00', 48, 11, '', '2', 2, '1', '0000-00-00 00:00:00', '0000-00-00 00:00:00', '0000-00-00 00:00:00', '0', '0', '2014-11-13 09:11:42'),
(857, 69, '૦૦૭', 'GJ/15/106237300', 'શાયેરાબેન', 'મોહમદભાઈ', 'વિજાપુરા', 7, 3, 2, '1970-01-01 00:00:00', 44, 6, '', '2', 3, '1', '0000-00-00 00:00:00', '0000-00-00 00:00:00', '0000-00-00 00:00:00', '0', '0', '2014-11-13 09:11:42'),
(858, 69, '૦૦૮', '506389073171', 'રબ્બાની', 'મોહમદભાઈ', 'વિજાપુરા', 8, 2, 2, '1970-01-01 00:00:00', 23, 9, '', '2', 2, '1', '0000-00-00 00:00:00', '0000-00-00 00:00:00', '0000-00-00 00:00:00', '0', '0', '2014-11-13 09:11:42'),
(859, 69, '૦૦૯', 'N A', 'રેહાનીબેન', 'રબ્બાનીભાઈ', 'વિજાપુરા', 9, 3, 2, '1990-09-02 00:00:00', 23, 7, '', '2', 2, '0', '0000-00-00 00:00:00', '0000-00-00 00:00:00', '0000-00-00 00:00:00', '0', '0', '2014-11-13 09:11:42'),
(860, 69, '૦૧૦', 'XFL1918307', 'ગુલકર', 'મોહમદભાઈ', 'વિજાપુરા', 8, 2, 3, '1970-01-01 00:00:00', 19, 4, '', '2', 2, '1', '0000-00-00 00:00:00', '0000-00-00 00:00:00', '0000-00-00 00:00:00', '0', '0', '2014-11-13 09:11:42'),
(861, 69, '૦૧૧', 'GJ/15/106237297', 'કલીબેન', 'ગુલામભાઈ', 'વિજાપુરા', 6, 3, 3, '1961-01-07 00:00:00', 53, 3, '', '2', 2, '1', '0000-00-00 00:00:00', '0000-00-00 00:00:00', '0000-00-00 00:00:00', '0', '0', '2014-11-13 09:11:42'),
(862, 76, '૦૦૧', 'GJ/15/106237135', 'વલીભાઈ', 'ઇબ્રાહીમભાઇ', 'મોમીન', 2, 2, 4, '1970-01-01 00:00:00', 81, 10, '', '2', 2, '0', '0000-00-00 00:00:00', '0000-00-00 00:00:00', '0000-00-00 00:00:00', '0', '0', '2014-11-13 09:13:30'),
(863, 76, '૦૦૨', 'GJ/15/106237005', 'હસીનએહમદ', 'વલીભાઈ', 'મોમીન', 5, 2, 2, '1970-01-01 00:00:00', 43, 10, '', '2', 2, '1', '0000-00-00 00:00:00', '0000-00-00 00:00:00', '0000-00-00 00:00:00', '0', '0', '2014-11-13 09:13:30'),
(864, 76, '૦૦૩', 'GJ/15/106232707', 'અંજુમબેન', 'હસીનએહમદ', 'મોમીન', 7, 3, 2, '1977-03-02 00:00:00', 37, 2, '', '2', 2, '1', '0000-00-00 00:00:00', '0000-00-00 00:00:00', '0000-00-00 00:00:00', '0', '0', '2014-11-13 09:13:30'),
(865, 75, '૦૦૧', 'GJ/15/106237127', 'રકીમાબેન', 'ઈસ્માઈલભાઈ', 'મોમીન', 2, 3, 5, '1970-01-01 00:00:00', 69, 8, '', '2', 2, '1', '0000-00-00 00:00:00', '0000-00-00 00:00:00', '0000-00-00 00:00:00', '0', '0', '2014-11-13 09:15:42'),
(866, 75, '૦૦૨', 'GJ/15/106282769', 'જાકીદભાઈ', 'ઈસ્માઈલભાઈ', 'મોમીન', 5, 2, 2, '1970-01-01 00:00:00', 37, 8, '', '2', 2, '1', '0000-00-00 00:00:00', '0000-00-00 00:00:00', '0000-00-00 00:00:00', '0', '0', '2014-11-13 09:15:42'),
(867, 75, '૦૦૩', 'LQG1836618', 'સાલેહાબેન', 'જાકીદભાઈ', 'મોમીન', 7, 3, 2, '1970-01-01 00:00:00', 35, 8, '', '2', 2, '1', '0000-00-00 00:00:00', '0000-00-00 00:00:00', '0000-00-00 00:00:00', '0', '0', '2014-11-13 09:15:42'),
(868, 75, '૦૦૪', 'N A', 'સિરીમબેન', 'જાકીદભાઈ', 'મોમીન', 21, 3, 3, '1970-01-01 00:00:00', 15, 4, '', '2', 2, '1', '0000-00-00 00:00:00', '0000-00-00 00:00:00', '0000-00-00 00:00:00', '0', '0', '2014-11-13 09:15:42'),
(869, 75, '૦૦૫', 'N A', 'એજાજ', 'જાકીદભાઈ', 'મોમીન', 8, 2, 3, '1970-01-01 00:00:00', 10, 11, '', '2', 2, '1', '0000-00-00 00:00:00', '0000-00-00 00:00:00', '0000-00-00 00:00:00', '0', '0', '2014-11-13 09:15:42'),
(884, 74, '૦૦૧', 'LQG4823373', 'હાજાજાકીમ', 'ઇસફભાઇ', 'મનસુરી', 2, 2, 2, '1970-01-01 00:00:00', 0, 0, '', '2', 2, '1', '0000-00-00 00:00:00', '0000-00-00 00:00:00', '0000-00-00 00:00:00', '0', '0', '2014-11-13 09:28:09'),
(885, 74, '૦૦૨', 'LQG 48233440', 'ફાતીમાબેન', 'હાજીહકીમ', 'મનસુરી', 3, 3, 2, '0000-00-00 00:00:00', 0, 0, '', '2', 2, '1', '0000-00-00 00:00:00', '0000-00-00 00:00:00', '0000-00-00 00:00:00', '0', '0', '2014-11-13 09:28:09'),
(886, 74, '૦૦૩', 'GJ/15/106369082', 'યુનુસભાઇ', 'હાજીહકીમ', 'મનસુરી', 5, 2, 2, '1970-01-01 00:00:00', 0, 0, '', '2', 2, '1', '0000-00-00 00:00:00', '0000-00-00 00:00:00', '0000-00-00 00:00:00', '0', '0', '2014-11-13 09:28:09'),
(887, 74, '૦૦૪', 'LQG4823332', 'હુસેનાબેન', 'યુનુસભાઈ', 'મનસુરી', 7, 3, 2, '1963-01-06 00:00:00', 0, 0, '', '2', 2, '1', '0000-00-00 00:00:00', '0000-00-00 00:00:00', '0000-00-00 00:00:00', '0', '0', '2014-11-13 09:28:09'),
(888, 74, '૦૦૫', 'LQG 4198321', 'હારૂનરસીદ ', 'યુનુસભાઈ ', 'મનસુરી', 8, 2, 2, '1970-01-01 00:00:00', 0, 0, '', '2', 2, '1', '0000-00-00 00:00:00', '0000-00-00 00:00:00', '0000-00-00 00:00:00', '0', '0', '2014-11-13 09:28:09'),
(889, 74, '૦૦૬', 'N A', 'સીરીનબેન', 'યુનુસભાઈ', 'મનસુરી', 7, 3, 2, '1970-01-01 00:00:00', 0, 0, '', '2', 2, '1', '0000-00-00 00:00:00', '0000-00-00 00:00:00', '0000-00-00 00:00:00', '0', '0', '2014-11-13 09:28:09'),
(890, 74, '૦૦૭', 'LQG 4198339', 'મોહમદ શાહીદ', 'યુનુસભાઈ', 'મનસુરી', 8, 2, 2, '1970-01-01 00:00:00', 0, 0, '', '2', 2, '1', '0000-00-00 00:00:00', '0000-00-00 00:00:00', '0000-00-00 00:00:00', '0', '0', '2014-11-13 09:28:09'),
(891, 74, '૦૦૮', 'XFL 1750678', 'સુફીયાબેન', 'મોહમદ શાહીદ', 'મનસુરી', 7, 3, 2, '1970-01-01 00:00:00', 0, 0, '', '2', 2, '1', '0000-00-00 00:00:00', '0000-00-00 00:00:00', '0000-00-00 00:00:00', '0', '0', '2014-11-13 09:28:09'),
(892, 74, '૦૦૯', 'N A', 'આનેફાતૈમા', 'હારૂનભાઇ', 'મનસુરી', 12, 3, 3, '1970-01-01 00:00:00', 0, 0, 'સીરીનબેન', '2', 2, '1', '0000-00-00 00:00:00', '0000-00-00 00:00:00', '0000-00-00 00:00:00', '0', '0', '2014-11-13 09:28:09'),
(922, 73, '૦૦૧', 'GJ/15/106237049', 'સદીક્ભાઈ', 'અલીભાઈ', 'ખણુંશીયા', 2, 2, 2, '1943-01-11 00:00:00', 70, 5, '', '2', 2, '1', '0000-00-00 00:00:00', '0000-00-00 00:00:00', '0000-00-00 00:00:00', '0', '0', '2014-11-13 09:34:40'),
(923, 73, '૦૦૨', 'GJ/15/106237169', 'રૂકૈયાબેન', 'સદીક્ભાઈ', 'ખણુંશીયા', 3, 3, 2, '1946-11-05 00:00:00', 69, 5, '', '2', 2, '1', '0000-00-00 00:00:00', '0000-00-00 00:00:00', '0000-00-00 00:00:00', '0', '0', '2014-11-13 09:34:40'),
(924, 73, '૦૦૩', 'LQG1838457', 'અબુબ્ક્કર', 'સદીક્ભાઈ', 'ખણુંશીયા', 5, 2, 2, '1958-11-12 00:00:00', 55, 5, '', '2', 2, '1', '0000-00-00 00:00:00', '0000-00-00 00:00:00', '0000-00-00 00:00:00', '0', '0', '2014-11-13 09:34:40'),
(925, 73, '૦૦૪', 'GJ/15/106237030', 'રફીક્લબેન ', 'અબુબક્કર', 'ખણુંશીયા', 7, 3, 2, '1956-11-06 00:00:00', 53, 5, '', '2', 2, '1', '0000-00-00 00:00:00', '0000-00-00 00:00:00', '0000-00-00 00:00:00', '0', '0', '2014-11-13 09:34:40'),
(926, 73, '૦૦૫', 'LQG4823365', 'મો.અફજલ', 'અબુબક્કર', 'ખણુંશીયા', 8, 2, 2, '1970-01-01 00:00:00', 29, 8, '', '2', 2, '1', '0000-00-00 00:00:00', '0000-00-00 00:00:00', '0000-00-00 00:00:00', '0', '0', '2014-11-13 09:34:40'),
(927, 73, '૦૦૬', 'XFL1809136', 'આબેદાબેન ', 'મો.અફજલ', 'ખણુંશીયા', 7, 3, 2, '1970-01-01 00:00:00', 26, 0, '', '2', 2, '1', '0000-00-00 00:00:00', '0000-00-00 00:00:00', '0000-00-00 00:00:00', '0', '0', '2014-11-13 09:34:40'),
(928, 73, '૦૦૭', 'N A', 'નેહાબાનુ', 'મો.અફઝલ', 'ખણુંશીયા', 12, 3, 3, '2009-07-09 00:00:00', 4, 9, 'આબેદાબેન', '2', 2, '1', '0000-00-00 00:00:00', '0000-00-00 00:00:00', '0000-00-00 00:00:00', '0', '0', '2014-11-13 09:34:40'),
(929, 73, '૦૦૮', 'N A', 'મોસીન', 'મો.અફઝલ', 'ખણુંશીયા', 10, 2, 3, '1970-01-01 00:00:00', 1, 3, 'આબેદાબેન', '5', 2, '1', '0000-00-00 00:00:00', '0000-00-00 00:00:00', '0000-00-00 00:00:00', '1', '1', '2014-11-13 09:34:40'),
(930, 73, '૦૦૯', 'GJ/15/106237339', 'આમીનભાઇ', 'સદીક્ભાઈ', 'ખણુંશીયા', 5, 2, 2, '1972-12-11 00:00:00', 41, 4, '', '2', 2, '1', '0000-00-00 00:00:00', '0000-00-00 00:00:00', '0000-00-00 00:00:00', '0', '0', '2014-11-13 09:34:40'),
(931, 73, '૦૧૦', 'LQG 1836584', 'ફાતેમાબેન', 'આમીનભાઇ', 'ખણુંશીયા', 7, 3, 2, '1970-01-01 00:00:00', 40, 7, '', '2', 2, '1', '0000-00-00 00:00:00', '0000-00-00 00:00:00', '0000-00-00 00:00:00', '0', '0', '2014-11-13 09:34:40'),
(932, 73, '૦૧૧', 'N A', 'મો. ફરકાન', 'આમીનભાઇ', 'ખણુંશીયા', 8, 2, 2, '1997-02-05 00:00:00', 16, 11, '', '2', 2, '1', '0000-00-00 00:00:00', '0000-00-00 00:00:00', '0000-00-00 00:00:00', '0', '0', '2014-11-13 09:34:40'),
(933, 73, '૦૧૨', 'N A', 'સબાબાનુ', 'આમીનભાઇ', 'ખણુંશીયા', 21, 3, 3, '1970-01-01 00:00:00', 13, 1, '', '2', 2, '1', '0000-00-00 00:00:00', '0000-00-00 00:00:00', '0000-00-00 00:00:00', '0', '0', '2014-11-13 09:34:40'),
(980, 84, '૦૦૧', 'GJ/15/106/156640', 'નઝીરઅલી', 'સોકતઅલી', 'સૈયદ', 2, 2, 2, '1970-01-01 00:00:00', 51, 5, '', '2', 2, '1', '0000-00-00 00:00:00', '0000-00-00 00:00:00', '0000-00-00 00:00:00', '0', '0', '2014-11-13 10:26:38'),
(981, 84, '૦૦૨', 'GJ/15/106156129', 'મહેમુદાબાનુ', 'નજીરઅલી', 'સૈયદ', 3, 3, 2, '1965-06-01 00:00:00', 48, 10, '', '2', 2, '1', '0000-00-00 00:00:00', '0000-00-00 00:00:00', '0000-00-00 00:00:00', '0', '1', '2014-11-13 10:26:38'),
(982, 84, '૦૦૩', 'LQG4201836', 'અબ્બાસઅલી', 'નઝીરઅલી', 'સૈયદ', 5, 2, 1, '1985-01-09 00:00:00', 29, 3, '', '2', 2, '1', '0000-00-00 00:00:00', '0000-00-00 00:00:00', '0000-00-00 00:00:00', '0', '0', '2014-11-13 10:26:38'),
(983, 84, '૦૦૪', '001', 'સબનબબાનુ', 'અબ્બાસઅલી', 'સૈયદ', 7, 3, 2, '1970-01-01 00:00:00', 25, 9, '', '2', 2, '1', '0000-00-00 00:00:00', '0000-00-00 00:00:00', '0000-00-00 00:00:00', '0', '0', '2014-11-13 10:26:38'),
(984, 84, '૦૦૫', '002', 'મો.હસ્નેન', 'અબ્બાસઅલી', 'સૈયદ', 8, 2, 2, '1970-01-01 00:00:00', 3, 4, 'સબનબબાનુ', '5', 2, '1', '0000-00-00 00:00:00', '0000-00-00 00:00:00', '0000-00-00 00:00:00', '0', '0', '2014-11-13 10:26:38'),
(985, 84, '૦૦૭', '260159477688', 'મહેજબીન', 'નજીરઅલી', 'સૈયદ', 6, 3, 3, '1970-01-01 00:00:00', 16, 2, '', '6', 2, '1', '0000-00-00 00:00:00', '0000-00-00 00:00:00', '0000-00-00 00:00:00', '0', '0', '2014-11-13 10:26:38');
INSERT INTO `tbl_family_person` (`family_person_id`, `family_id`, `person_rank`, `uid_aadharnumber`, `first_name`, `middle_name`, `last_name`, `relation_with_main_person`, `gender`, `merridial_status`, `birth_date`, `ageIn_year`, `ageIn_month`, `mother_name`, `lakshyank_code`, `khodkhapan_type`, `anganwadi_kendra_vistar_rehvasi`, `gam_shift_date`, `gam_out_shift_date`, `die_date`, `purak_aahar`, `purv_prathmik_shikshan`, `create_date`) VALUES
(986, 84, '૦૦૬', 'N A', 'મો.હ્સ્સાન', 'અબ્બાસઅલી', 'સૈયદ', 8, 2, 2, '1970-01-01 00:00:00', 0, 10, 'સબનબબેન', '5', 2, '1', '0000-00-00 00:00:00', '0000-00-00 00:00:00', '0000-00-00 00:00:00', '0', '0', '2014-11-13 10:26:39'),
(987, 49, '01', 'GJ/15/106/069103', 'આલમશા', 'બરકતશા', 'ફકીર', 2, 2, 2, '1971-02-05 00:00:00', 42, 11, '', '2', 2, '1', '0000-00-00 00:00:00', '0000-00-00 00:00:00', '0000-00-00 00:00:00', '0', '0', '2014-11-13 10:43:21'),
(988, 49, '૦૦૨', 'LQG 2477016', 'રેકાનાબેન', 'આલમશા', 'ફકીર', 3, 3, 2, '1974-02-05 00:00:00', 39, 11, '', '2', 2, '1', '0000-00-00 00:00:00', '0000-00-00 00:00:00', '0000-00-00 00:00:00', '0', '0', '2014-11-13 10:43:21'),
(989, 49, '૦૦૩', 'na', 'તોકીરશા', 'આલમશા', 'ફકીર', 5, 2, 3, '2000-12-06 00:00:00', 13, 10, '', '2', 2, '1', '0000-00-00 00:00:00', '0000-00-00 00:00:00', '0000-00-00 00:00:00', '0', '0', '2014-11-13 10:43:21'),
(990, 49, '૦૦૪', 'na', 'રૂમાનાબાનુ', 'આલમશા', 'ફકીર', 6, 3, 3, '2002-05-11 00:00:00', 11, 5, '', '2', 2, '1', '0000-00-00 00:00:00', '0000-00-00 00:00:00', '0000-00-00 00:00:00', '1', '1', '2014-11-13 10:43:21'),
(1014, 50, '01', 'GJ/15/106/237028', 'અબ્બાસભાઈ', 'ગુલામભાઈ', 'દાંત્રોલીયા', 2, 2, 2, '1953-11-12 00:00:00', 60, 4, '', '2', 2, '1', '0000-00-00 00:00:00', '0000-00-00 00:00:00', '0000-00-00 00:00:00', '0', '0', '2014-11-13 11:02:31'),
(1015, 50, '૦૦૨', 'GJ/15/106/237028', 'હલીમાબેન ', 'અબ્બાસભાઈ', 'દાંત્રોલીયા', 3, 3, 2, '1955-01-06 00:00:00', 58, 10, '', '2', 2, '1', '0000-00-00 00:00:00', '0000-00-00 00:00:00', '0000-00-00 00:00:00', '0', '0', '2014-11-13 11:02:31'),
(1016, 50, '૦૦૩', 'GJ/15/106/237640', 'સાજીદભાઈ', 'અબ્બાસભાઈ', 'દાંત્રોલીયા', 5, 2, 2, '1977-09-04 00:00:00', 37, 0, '', '2', 2, '1', '0000-00-00 00:00:00', '0000-00-00 00:00:00', '0000-00-00 00:00:00', '0', '0', '2014-11-13 11:02:31'),
(1017, 50, '૦૦૪', 'LQG 1837764', 'સબીલાબેન', 'સાજીદભાઈ', 'દાંત્રોલીયા', 7, 3, 2, '1979-09-12 00:00:00', 34, 4, '', '2', 2, '1', '0000-00-00 00:00:00', '0000-00-00 00:00:00', '0000-00-00 00:00:00', '0', '0', '2014-11-13 11:02:31'),
(1018, 50, '૦૦૫', 'N A', 'મોહમદ સહેજાદ', 'સાજીદભાઈ', 'દાંત્રોલીયા', 8, 2, 3, '2005-09-01 00:00:00', 9, 3, '', '2', 2, '1', '0000-00-00 00:00:00', '0000-00-00 00:00:00', '0000-00-00 00:00:00', '1', '1', '2014-11-13 11:02:31'),
(1019, 50, '૦૦૬', 'LQG1837889', 'રીયાઝભાઈ', 'અબ્બાસભાઈ', 'દાંત્રોલીયા', 5, 2, 2, '1970-01-01 00:00:00', 34, 3, '', '2', 2, '1', '0000-00-00 00:00:00', '0000-00-00 00:00:00', '0000-00-00 00:00:00', '0', '0', '2014-11-13 11:02:31'),
(1020, 50, '૦૦૭', 'LQG 4822938', 'મુસ્તકીમબેન', 'રીયાજભાઈ', 'દાંત્રોલીયા', 7, 3, 2, '1970-01-01 00:00:00', 28, 11, '', '2', 2, '1', '0000-00-00 00:00:00', '0000-00-00 00:00:00', '0000-00-00 00:00:00', '0', '0', '2014-11-13 11:02:31'),
(1021, 50, '૦૦૮', 'N A', 'મો.સાદ', 'રીયાજભાઈ', 'દાંત્રોલીયા', 8, 2, 3, '1970-01-01 00:00:00', 7, 4, '', '2', 2, '1', '0000-00-00 00:00:00', '0000-00-00 00:00:00', '0000-00-00 00:00:00', '1', '1', '2014-11-13 11:02:31'),
(1022, 50, '૦૦૯', 'N A', 'આમેનાબાનુ', 'રીયાજભાઈ', 'દાંત્રોલીયા', 21, 3, 3, '1970-01-01 00:00:00', 0, 0, '??????????', '4', 2, '1', '0000-00-00 00:00:00', '0000-00-00 00:00:00', '0000-00-00 00:00:00', '0', '0', '2014-11-13 11:02:31'),
(1050, 63, '૦૦૧', 'GJ/15/106/237438', 'અબ્દુલરજાક', 'અલીભાઈ', 'ખણુંશીયા', 2, 2, 2, '1956-02-09 00:00:00', 58, 2, '', '2', 2, '1', '0000-00-00 00:00:00', '0000-00-00 00:00:00', '0000-00-00 00:00:00', '0', '0', '2014-11-14 07:25:55'),
(1051, 63, '04', 'x f l ???????', '???????', '????? ????', '???????', 7, 3, 2, '1992-01-04 00:00:00', 22, 3, '', '3', 2, '1', '0000-00-00 00:00:00', '0000-00-00 00:00:00', '0000-00-00 00:00:00', '1', '0', '2014-11-14 07:25:55'),
(1058, 83, '001', 'X F L 1624709', 'યુસુફખાન', 'રૂસતમખાન', 'પઠાણ', 2, 2, 2, '1970-11-12 00:00:00', 43, 4, '', '2', 2, '1', '0000-00-00 00:00:00', '0000-00-00 00:00:00', '0000-00-00 00:00:00', '0', '0', '2014-11-14 07:31:44'),
(1059, 83, '002', 'X F L 1624733', 'કુલસુમબેન', 'યુસુફભાઈ', 'પઠાણ', 3, 3, 2, '1978-11-12 00:00:00', 35, 4, '', '2', 2, '1', '0000-00-00 00:00:00', '0000-00-00 00:00:00', '0000-00-00 00:00:00', '0', '0', '2014-11-14 07:31:44'),
(1060, 83, '003', 'X F L 1948870', 'મુસતકીમખાન', 'યુસુફખાન', 'પઠાણ', 5, 2, 3, '1970-01-01 00:00:00', 20, 1, '', '2', 2, '1', '0000-00-00 00:00:00', '0000-00-00 00:00:00', '0000-00-00 00:00:00', '0', '0', '2014-11-14 07:31:44'),
(1061, 83, '004', 'X F L 1946888', 'મોયદીનખાન', 'યુસુફખાન', 'પઠાણ', 5, 2, 3, '1970-01-01 00:00:00', 18, 9, '', '2', 2, '1', '0000-00-00 00:00:00', '0000-00-00 00:00:00', '0000-00-00 00:00:00', '0', '0', '2014-11-14 07:31:44'),
(1062, 83, '005', 'N A', 'તાહીરખાન', 'યુસુફખાન', 'પઠાણ', 5, 2, 3, '1998-02-10 00:00:00', 15, 6, '', '2', 2, '1', '0000-00-00 00:00:00', '0000-00-00 00:00:00', '0000-00-00 00:00:00', '0', '0', '2014-11-14 07:31:44'),
(1063, 81, '001', 'G J/15/106 237264', 'ખાતુનબેન', '1જીયાકુબભાઈ', 'વિજાપુરા', 2, 3, 5, '1944-08-03 00:00:00', 70, 1, '', '2', 2, '1', '0000-00-00 00:00:00', '0000-00-00 00:00:00', '0000-00-00 00:00:00', '0', '0', '2014-11-14 07:32:11'),
(1064, 81, '002', 'L Q R 1837863', 'આરીફભાઇ', '1જીયાકુલભાઈ', 'વિજાપુરા', 5, 2, 2, '1970-01-01 00:00:00', 40, 11, '', '2', 2, '1', '0000-00-00 00:00:00', '0000-00-00 00:00:00', '0000-00-00 00:00:00', '0', '0', '2014-11-14 07:32:11'),
(1065, 81, '003', 'L Q R 4197828', 'ફાતેમાબેન', 'આરીફભાઈ', 'વિજાપુરા', 7, 3, 2, '1970-01-01 00:00:00', 38, 3, '', '2', 2, '1', '0000-00-00 00:00:00', '0000-00-00 00:00:00', '0000-00-00 00:00:00', '0', '0', '2014-11-14 07:32:11'),
(1066, 81, '004', 'X F L 1444611', 'ફરીદાબેન', '1જીયાકુબભાઇ', 'વિજાપુરા', 6, 3, 5, '1970-01-01 00:00:00', 37, 8, '', '2', 2, '1', '0000-00-00 00:00:00', '0000-00-00 00:00:00', '0000-00-00 00:00:00', '0', '0', '2014-11-14 07:32:11'),
(1067, 81, '005', 'N A', 'શાહીનબાનુ', 'આરીફભાઇ', 'વિજાપુરા', 21, 3, 3, '1970-01-01 00:00:00', 15, 1, '', '6', 2, '1', '0000-00-00 00:00:00', '0000-00-00 00:00:00', '0000-00-00 00:00:00', '0', '0', '2014-11-14 07:32:11'),
(1068, 81, '006', 'N A', 'મરહબા ', 'આરીફભાઈ', 'વિજાપુરા', 21, 3, 3, '1970-01-01 00:00:00', 11, 1, '', '6', 2, '1', '0000-00-00 00:00:00', '0000-00-00 00:00:00', '0000-00-00 00:00:00', '0', '0', '2014-11-14 07:32:11'),
(1069, 81, '007', 'N A', 'દુરૈયાબાનુ', 'આરીફભાઇ', 'વિજાપુરા', 21, 3, 3, '2007-02-01 00:00:00', 7, 3, '', '2', 2, '1', '0000-00-00 00:00:00', '0000-00-00 00:00:00', '0000-00-00 00:00:00', '0', '0', '2014-11-14 07:32:11'),
(1070, 81, '008', 'N A', 'ફીઝાબાનુ', 'આરીફભાઈ', 'વિજાપુરા', 21, 3, 3, '1970-01-01 00:00:00', 4, 0, 'ફાતેમાબેન', '5', 2, '1', '0000-00-00 00:00:00', '0000-00-00 00:00:00', '0000-00-00 00:00:00', '0', '0', '2014-11-14 07:32:11'),
(1071, 81, '009', 'N A', 'મોહમદ વારીસ', 'આરીફભાઈ', 'વિજાપુરા', 21, 2, 3, '1970-01-01 00:00:00', 0, -1, 'ફાતેમાબેન', '5', 2, '1', '0000-00-00 00:00:00', '0000-00-00 00:00:00', '0000-00-00 00:00:00', '1', '0', '2014-11-14 07:32:12'),
(1072, 82, '001', 'L Q R 1836378', 'યાકુબભાઇ', 'ઈસમાઈલભાઈ', 'લોઢા', 2, 2, 2, '1970-01-01 00:00:00', 38, 1, '', '2', 2, '1', '0000-00-00 00:00:00', '0000-00-00 00:00:00', '0000-00-00 00:00:00', '0', '0', '2014-11-14 07:32:19'),
(1073, 82, '002', 'L Q R 4200317', 'કુલસુમબેન', 'યાકુબભાઈ', 'લોઢા', 3, 2, 2, '1970-01-01 00:00:00', 42, 9, '', '2', 2, '1', '0000-00-00 00:00:00', '0000-00-00 00:00:00', '0000-00-00 00:00:00', '0', '0', '2014-11-14 07:32:19'),
(1074, 82, '003', 'N A', 'મોહમદ વાહીદ', 'યાકુબભાઈ', 'લોઢા', 5, 2, 3, '1999-02-11 00:00:00', 14, 5, '', '2', 2, '1', '0000-00-00 00:00:00', '0000-00-00 00:00:00', '0000-00-00 00:00:00', '0', '0', '2014-11-14 07:32:19'),
(1075, 82, '004', ' N A', 'મોહમદ સલમાન', 'યાકુબભાઈ', 'લોઢા', 5, 2, 3, '1999-02-11 00:00:00', 14, 5, '', '2', 2, '1', '0000-00-00 00:00:00', '0000-00-00 00:00:00', '0000-00-00 00:00:00', '0', '0', '2014-11-14 07:32:19'),
(1076, 82, '005', ' N A', 'મોહંમદ ', 'યાકુબભાઈ', 'લોઢા', 5, 2, 3, '1999-02-11 00:00:00', 14, 5, '', '2', 2, '1', '0000-00-00 00:00:00', '0000-00-00 00:00:00', '0000-00-00 00:00:00', '0', '0', '2014-11-14 07:32:19'),
(1077, 85, '001', 'G J /16/107 195014', 'સલીમ મીયા', 'ઉસમાન મીયા', 'મલેક', 2, 2, 2, '1965-01-06 00:00:00', 48, 10, '', '2', 2, '1', '0000-00-00 00:00:00', '0000-00-00 00:00:00', '0000-00-00 00:00:00', '0', '0', '2014-11-14 07:32:25'),
(1078, 85, '002', 'G J /16/107 195145', 'સલમાબાનુ', 'સલીમમીયા', 'મલેક', 3, 3, 2, '1970-01-01 00:00:00', 43, 7, '', '2', 2, '1', '0000-00-00 00:00:00', '0000-00-00 00:00:00', '0000-00-00 00:00:00', '0', '0', '2014-11-14 07:32:25'),
(1079, 85, '003', 'B W P 2287688', 'સલમાનખાન', 'સલીમ મીયા', 'મલેક', 5, 2, 3, '1991-11-05 00:00:00', 22, 11, '', '2', 2, '1', '0000-00-00 00:00:00', '0000-00-00 00:00:00', '0000-00-00 00:00:00', '0', '0', '2014-11-14 07:32:25'),
(1080, 85, '004', 'X S K 1489410', 'શાહી2બાનુ', 'સલીમ મીયા', 'મલેક', 6, 3, 3, '1970-01-01 00:00:00', 21, 8, '', '2', 2, '1', '0000-00-00 00:00:00', '0000-00-00 00:00:00', '0000-00-00 00:00:00', '0', '0', '2014-11-14 07:32:25'),
(1081, 85, '005', 'N A', 'મોહમદ સઈદ', 'સલીમ મીયા', 'મલેક', 5, 2, 3, '1970-01-01 00:00:00', 16, 0, '', '2', 2, '1', '0000-00-00 00:00:00', '0000-00-00 00:00:00', '0000-00-00 00:00:00', '0', '0', '2014-11-14 07:32:25'),
(1082, 86, '001', 'L Q R 4200788', 'યાસીનભાઈ', '1જી હનીફભાઈ', 'મસી', 2, 2, 2, '1971-01-01 00:00:00', 43, 3, '', '2', 2, '1', '0000-00-00 00:00:00', '0000-00-00 00:00:00', '0000-00-00 00:00:00', '0', '0', '2014-11-14 07:32:30'),
(1083, 86, '002', 'L Q R 4200796', 'સુફીયાબેન', 'યાસીનભાઇ', 'મસી', 3, 3, 2, '1970-01-10 00:00:00', 43, 6, '', '2', 2, '1', '0000-00-00 00:00:00', '0000-00-00 00:00:00', '0000-00-00 00:00:00', '0', '0', '2014-11-14 07:32:30'),
(1084, 86, '003', ' N A', 'મુજદલફબાનુ', 'યાસીનભાઈ', 'મસી', 6, 3, 3, '1970-01-01 00:00:00', 16, 8, '', '2', 2, '1', '0000-00-00 00:00:00', '0000-00-00 00:00:00', '0000-00-00 00:00:00', '0', '0', '2014-11-14 07:32:30'),
(1085, 86, '004', 'N A', 'સ2બાનુ', 'યાસીનભાઈ', 'મસી', 6, 3, 3, '1970-01-01 00:00:00', 12, 8, '', '6', 2, '1', '0000-00-00 00:00:00', '0000-00-00 00:00:00', '0000-00-00 00:00:00', '0', '0', '2014-11-14 07:32:30'),
(1086, 86, '005', 'N A', 'મોહમદ શામી', 'યાસીનભાઇ', 'મસી', 5, 2, 3, '1970-01-01 00:00:00', 8, 0, '', '2', 2, '1', '0000-00-00 00:00:00', '0000-00-00 00:00:00', '0000-00-00 00:00:00', '0', '0', '2014-11-14 07:32:30'),
(1087, 87, '001', 'G J /15/106 237256', 'અબદુલ રહેમાન', 'ઈબા્હીમભાઈ', 'દાંત્રોલીયા', 2, 2, 2, '1959-01-06 00:00:00', 54, 10, '', '2', 2, '1', '0000-00-00 00:00:00', '0000-00-00 00:00:00', '0000-00-00 00:00:00', '0', '0', '2014-11-14 07:32:37'),
(1088, 87, '002', 'G J /15/106 237457', 'હસી2બેન', 'અબદુલ રહેમાન', 'દાંત્રોલીયા', 3, 3, 2, '1967-01-05 00:00:00', 46, 11, '', '2', 2, '1', '0000-00-00 00:00:00', '0000-00-00 00:00:00', '0000-00-00 00:00:00', '0', '0', '2014-11-14 07:32:37'),
(1089, 87, '003', 'L Q G 4200218', 'અબદુલ વાહીદ', 'અબદુલ રહેમાન', 'દાંત્રોલીયા', 5, 2, 2, '1970-01-01 00:00:00', 26, 10, '', '2', 2, '1', '0000-00-00 00:00:00', '0000-00-00 00:00:00', '0000-00-00 00:00:00', '0', '0', '2014-11-14 07:32:37'),
(1090, 87, '004', 'N A', 'શાહીનબેન', 'અબદુલ વાહીદ', 'દાંત્રૌલીયા', 7, 3, 2, '1970-01-01 00:00:00', 24, 6, '', '2', 2, '1', '0000-00-00 00:00:00', '0000-00-00 00:00:00', '0000-00-00 00:00:00', '0', '0', '2014-11-14 07:32:37'),
(1091, 87, '005', 'N A', 'અસદ ઉલાંહ ', 'અબદુલ વાહીદ', 'દાંત્રોલીયા', 8, 2, 3, '1970-01-01 00:00:00', 4, 0, 'શાહીનબેન', '5', 2, '1', '0000-00-00 00:00:00', '0000-00-00 00:00:00', '0000-00-00 00:00:00', '0', '0', '2014-11-14 07:32:37'),
(1097, 88, '૦૦૧', 'XFL1809110', 'નૈયરહુસેન', 'તૈયબહુસેન', 'સૈયદ', 2, 2, 2, '1988-08-06 00:00:00', 25, 10, '', '2', 2, '1', '0000-00-00 00:00:00', '0000-00-00 00:00:00', '0000-00-00 00:00:00', '1', '1', '2014-11-14 07:56:26'),
(1098, 88, '002', 'X F L 1809128', 'આશીયાપરબીન', 'નૈયરહુસેન', 'સૈયદ', 3, 3, 2, '1970-01-01 00:00:00', 25, 11, '', '2', 2, '1', '0000-00-00 00:00:00', '0000-00-00 00:00:00', '0000-00-00 00:00:00', '0', '0', '2014-11-14 07:56:26'),
(1099, 88, '003', 'N A', 'તજમીરબાનુ', 'નૈયરહુસેન', 'સૈયદ', 6, 3, 3, '1970-01-01 00:00:00', 5, 0, 'આશીયા પરબીન', '5', 2, '1', '0000-00-00 00:00:00', '0000-00-00 00:00:00', '0000-00-00 00:00:00', '0', '0', '2014-11-14 07:56:26'),
(1100, 88, '004', 'N A', 'મોહમદહુસેન', 'નૈયરહુસેન', 'સૈયદ', 5, 2, 3, '1970-01-01 00:00:00', 3, 9, 'આશીયા પરબીન', '5', 2, '1', '0000-00-00 00:00:00', '0000-00-00 00:00:00', '0000-00-00 00:00:00', '1', '1', '2014-11-14 07:56:26'),
(1101, 88, '005', ' N A', 'મોહમદઅજહર', 'નૈયરહુસેન', 'સૈયદ', 5, 2, 3, '2012-03-09 00:00:00', 1, 7, 'આશીયા પરબીન', '5', 2, '1', '0000-00-00 00:00:00', '0000-00-00 00:00:00', '0000-00-00 00:00:00', '1', '0', '2014-11-14 07:56:26'),
(1102, 62, '૦૦૧', 'GJ/15/106/237448', 'અબ્દુલભાઈ', 'સુલેમાનભાઈ', 'વિજાપુરા', 2, 2, 2, '1964-01-05 00:00:00', 49, 11, '', '2', 2, '1', '0000-00-00 00:00:00', '0000-00-00 00:00:00', '0000-00-00 00:00:00', '1', '1', '2014-11-14 08:38:22'),
(1103, 62, '૦૦૨', 'GJ/15/106237152', 'નસીમબેન', 'અબ્દુલભાઈ', 'વિજાપુરા', 3, 3, 2, '1965-01-06 00:00:00', 48, 10, '', '2', 2, '1', '0000-00-00 00:00:00', '0000-00-00 00:00:00', '0000-00-00 00:00:00', '0', '0', '2014-11-14 08:38:22'),
(1104, 62, '૦૦૩', 'XFL1444850', 'મો..જુનેદ', 'અબ્દુલભાઈ', 'વિજાપુરા', 5, 2, 2, '1970-01-01 00:00:00', 23, 0, '', '2', 2, '1', '0000-00-00 00:00:00', '0000-00-00 00:00:00', '0000-00-00 00:00:00', '0', '0', '2014-11-14 08:38:22'),
(1105, 62, '૦૦૪', 'LQG4154423', 'સહેનાજબેન', 'જુનેદભાઈ', 'વિજાપુરા', 7, 3, 2, '1989-01-09 00:00:00', 24, 7, '', '2', 2, '1', '0000-00-00 00:00:00', '0000-00-00 00:00:00', '0000-00-00 00:00:00', '1', '1', '2014-11-14 08:38:22'),
(1106, 62, '૦૦૫', 'N A', 'આહીલાબાનુ', 'જુનેદભાઈ', 'વિજાપુરા', 21, 3, 3, '1970-01-01 00:00:00', 0, 3, 'સહેનાજબેન', '5', 2, '1', '0000-00-00 00:00:00', '0000-00-00 00:00:00', '0000-00-00 00:00:00', '0', '0', '2014-11-14 08:38:22'),
(1107, 62, '૦૦૬', 'N A', 'આરીઝઅલી', 'જુનેદભાઈ', 'વિજાપુરા', 8, 2, 3, '1970-01-01 00:00:00', 0, 3, 'સહેનાજબેન', '5', 2, '1', '0000-00-00 00:00:00', '0000-00-00 00:00:00', '0000-00-00 00:00:00', '1', '1', '2014-11-14 08:38:22'),
(1108, 24, '8585885', 'jbjvj', 'bjbjbbj', 'Jibibibbi', 'Bjbbjj', 2, 2, 2, '2008-10-11 00:00:00', 5, 5, 'hih', '2', 2, '0', '0000-00-00 00:00:00', '0000-00-00 00:00:00', '0000-00-00 00:00:00', '1', '1', '2014-11-14 09:12:11'),
(1109, 48, '1453', '5434', 'tets', 'ste', 'est', 2, 2, 2, '2014-01-11 00:00:00', 0, 0, 'test', '2', 2, '1', '2014-01-11 00:00:00', '2014-01-11 00:00:00', '2014-01-11 00:00:00', '1', '1', '2014-11-14 16:06:23'),
(1110, 89, '1', 'yui', 'Sanjay', 'R.', 'Modhawadiya', 2, 2, 2, '1987-03-19 00:00:00', 27, 1, '', '2', 2, '2', '0000-00-00 00:00:00', '0000-00-00 00:00:00', '0000-00-00 00:00:00', '1', '1', '2014-11-14 18:03:22'),
(1111, 90, '001', 'G H/15/106 237607', 'યાકુબભાઈ', 'અબદુલભાઈ', 'રાજપુરા', 2, 2, 2, '1964-06-01 00:00:00', 49, 10, '', '2', 2, '1', '0000-00-00 00:00:00', '0000-00-00 00:00:00', '0000-00-00 00:00:00', '0', '0', '2014-11-15 07:08:52'),
(1112, 90, '002', 'G J/15/106 282806', 'રૂકશા2બેન', 'યાકુબભાઈ', 'રાજપુરા', 3, 3, 2, '1972-09-10 00:00:00', 41, 7, '', '2', 2, '1', '0000-00-00 00:00:00', '0000-00-00 00:00:00', '0000-00-00 00:00:00', '0', '0', '2014-11-15 07:08:52'),
(1113, 90, '003', 'X F L 1646314', 'શાહનવાજ', 'યાકુબભાઈ', 'રાજપુરા', 5, 2, 3, '1993-06-28 00:00:00', 20, 10, '', '2', 2, '1', '0000-00-00 00:00:00', '0000-00-00 00:00:00', '0000-00-00 00:00:00', '0', '0', '2014-11-15 07:08:52'),
(1114, 90, '004', '227557039955', 'આમીર', 'યાકુબભાઈ', 'રાજપુરા', 5, 2, 3, '1997-08-15 00:00:00', 16, 8, '', '2', 2, '1', '0000-00-00 00:00:00', '0000-00-00 00:00:00', '0000-00-00 00:00:00', '0', '0', '2014-11-15 07:08:52'),
(1115, 91, '001', 'G J/15/106 035847', 'યુનુસખાન', 'નીઝામખાન', 'પઠાણ', 2, 2, 2, '1977-11-01 00:00:00', 36, 5, '', '2', 2, '1', '0000-00-00 00:00:00', '0000-00-00 00:00:00', '0000-00-00 00:00:00', '0', '0', '2014-11-15 07:18:56'),
(1116, 91, '002', 'A G Q 1602614', 'વહીદાબેન', 'યુનુસભાઈ', 'પઠાણ', 3, 3, 2, '1981-01-01 00:00:00', 33, 3, '', '2', 2, '1', '0000-00-00 00:00:00', '0000-00-00 00:00:00', '0000-00-00 00:00:00', '0', '0', '2014-11-15 07:18:56'),
(1117, 91, '003', 'N A', 'શહી2બાનુ', 'યુનુસભાઈ', 'પઠાણ', 6, 3, 3, '2002-10-22 00:00:00', 11, 6, '', '6', 2, '1', '0000-00-00 00:00:00', '0000-00-00 00:00:00', '0000-00-00 00:00:00', '0', '0', '2014-11-15 07:18:56'),
(1118, 92, '001', '1018/90016/16317', 'રૂકશા2બાનુ', 'હૈદરઅલી', 'સૈયદ', 2, 3, 5, '1972-06-02 00:00:00', 41, 10, '', '2', 2, '1', '0000-00-00 00:00:00', '0000-00-00 00:00:00', '0000-00-00 00:00:00', '0', '0', '2014-11-15 07:28:05'),
(1119, 92, '002', '1018/90016/16315', 'ફીરદોશબાનુ', 'હૈદરઅલી', 'સૈયદ', 6, 3, 3, '1997-05-25 00:00:00', 16, 11, '', '2', 2, '1', '0000-00-00 00:00:00', '0000-00-00 00:00:00', '0000-00-00 00:00:00', '0', '0', '2014-11-15 07:28:05'),
(1120, 92, '003', 'N A', 'મોહમદકૈફ', 'હૈદરઅલી', 'સૈયદ', 5, 2, 3, '2005-10-02 00:00:00', 8, 6, '', '2', 2, '1', '0000-00-00 00:00:00', '0000-00-00 00:00:00', '0000-00-00 00:00:00', '0', '0', '2014-11-15 07:28:05'),
(1121, 47, '૦૦૧', 'GJ/15/106/237133', 'ખેરૂનબેન', 'શરીફભાઇ', 'વિજાપુરા', 2, 3, 5, '1958-03-06 00:00:00', 56, 1, '', '2', 2, '1', '0000-00-00 00:00:00', '0000-00-00 00:00:00', '0000-00-00 00:00:00', '0', '0', '2014-11-15 07:28:32'),
(1122, 47, '૦૦૨', 'GJ/9/200/70008313', 'મુનાફભાઈ', 'શરીફભાઇ', 'વિજાપુરા', 5, 2, 2, '1970-01-01 00:00:00', 31, 9, '', '2', 2, '1', '0000-00-00 00:00:00', '0000-00-00 00:00:00', '0000-00-00 00:00:00', '0', '0', '2014-11-15 07:28:32'),
(1123, 47, '૦૦૩', 'LQG4201448', 'સિધ્ધીકાબેન', 'મુનાફભાઈ', 'વિજાપુરા', 7, 3, 2, '1983-02-05 00:00:00', 31, 2, '', '2', 2, '1', '0000-00-00 00:00:00', '0000-00-00 00:00:00', '0000-00-00 00:00:00', '1', '1', '2014-11-15 07:28:32'),
(1124, 47, '04', 'N A', 'જીયાબાનુ', 'મુનાફભાઈ', 'વિજાપુરા', 21, 3, 3, '2004-03-01 00:00:00', 10, 1, '', '2', 2, '1', '0000-00-00 00:00:00', '0000-00-00 00:00:00', '0000-00-00 00:00:00', '1', '1', '2014-11-15 07:28:32'),
(1125, 47, '05', 'N A', 'મોહંમદ', 'મુનાફભાઈ', 'વિજાપુરા', 8, 2, 3, '2009-04-10 00:00:00', 5, 0, '????????', '2', 2, '1', '0000-00-00 00:00:00', '0000-00-00 00:00:00', '0000-00-00 00:00:00', '1', '1', '2014-11-15 07:28:32'),
(1126, 47, '06', 'GJ/09/008312107', 'મો.જાફર', 'શરીફભાઇ', 'વિજાપુરા', 5, 2, 2, '1970-01-01 00:00:00', 29, 11, '', '2', 2, '1', '0000-00-00 00:00:00', '0000-00-00 00:00:00', '0000-00-00 00:00:00', '0', '0', '2014-11-15 07:28:32'),
(1127, 47, '૦૦૭', 'LQG201455', 'રૂકશાનાબેન', 'મો.જાફર', 'વિજાપુરા', 7, 3, 2, '1984-02-10 00:00:00', 30, 2, '', '2', 2, '1', '0000-00-00 00:00:00', '0000-00-00 00:00:00', '0000-00-00 00:00:00', '0', '0', '2014-11-15 07:28:32'),
(1128, 47, '૦૦૮', 'N A', 'અક્સાબાનુ', 'મો.જાફર', 'વિજાપુરા', 21, 3, 3, '1970-01-01 00:00:00', 7, 4, '', '2', 2, '1', '0000-00-00 00:00:00', '0000-00-00 00:00:00', '0000-00-00 00:00:00', '0', '0', '2014-11-15 07:28:32'),
(1129, 47, '૦૦૯', 'N A', 'ઝકી', 'મો.જાફર', 'વિજાપુરા', 8, 2, 3, '2012-04-04 00:00:00', 2, 0, 'રૂકશાનાબેન', '5', 2, '1', '0000-00-00 00:00:00', '0000-00-00 00:00:00', '0000-00-00 00:00:00', '1', '1', '2014-11-15 07:28:32'),
(1134, 93, '001', 'G J/15/106 237008', 'આરીફભાઈ', 'સદીકભાઈ', 'ડોડીયા', 2, 2, 2, '1973-06-11 00:00:00', 40, 5, '', '2', 2, '1', '0000-00-00 00:00:00', '0000-00-00 00:00:00', '0000-00-00 00:00:00', '0', '0', '2014-11-15 07:37:36'),
(1135, 93, '002', 'L Q G 1836386', 'હસી2બેન', 'આરીફભાઈ', 'ડોડીયા', 3, 3, 2, '1970-01-01 00:00:00', 36, 9, '', '2', 2, '1', '0000-00-00 00:00:00', '0000-00-00 00:00:00', '0000-00-00 00:00:00', '0', '0', '2014-11-15 07:37:36'),
(1136, 93, '003', 'N A', 'તસ્કીમબાનુ', 'આરીફભાઈ', 'ડોડીયા', 6, 3, 3, '1997-04-03 00:00:00', 17, 1, '', '2', 2, '1', '0000-00-00 00:00:00', '0000-00-00 00:00:00', '0000-00-00 00:00:00', '0', '0', '2014-11-15 07:37:36'),
(1137, 93, '004', 'N A', 'મોહમદઆકીલ', 'આરીફભાઈ', 'ડોડીયા', 5, 2, 3, '2002-08-01 00:00:00', 12, 3, '', '2', 2, '1', '0000-00-00 00:00:00', '0000-00-00 00:00:00', '0000-00-00 00:00:00', '0', '0', '2014-11-15 07:37:36'),
(1138, 94, '001', 'N A', 'હસનભાઈ', 'અબ્દુલભાઈ', 'વિજાપુરા', 2, 2, 2, '1967-09-11 00:00:00', 46, 7, '', '2', 2, '1', '0000-00-00 00:00:00', '0000-00-00 00:00:00', '0000-00-00 00:00:00', '0', '0', '2014-11-15 07:51:11'),
(1139, 94, '002', 'G J/15/106 237292', 'રહીયા2બેન', 'હસનભાઈ', 'વિજાપુરા', 3, 3, 2, '1969-06-11 00:00:00', 44, 10, '', '2', 2, '1', '0000-00-00 00:00:00', '0000-00-00 00:00:00', '0000-00-00 00:00:00', '0', '0', '2014-11-15 07:51:11'),
(1140, 94, '003', 'X F L 1646280', 'મીકાઈલ', 'હસનભાઈ', 'વિજાપુરા', 5, 2, 3, '1993-08-28 00:00:00', 20, 8, '', '2', 2, '1', '0000-00-00 00:00:00', '0000-00-00 00:00:00', '0000-00-00 00:00:00', '0', '0', '2014-11-15 07:51:11'),
(1141, 94, '004', 'N A', 'મોહમદશાહીલ', 'હસનભાઈ', 'વિજાપુરા', 5, 2, 3, '1997-01-15 00:00:00', 17, 3, '', '2', 2, '1', '0000-00-00 00:00:00', '0000-00-00 00:00:00', '0000-00-00 00:00:00', '0', '0', '2014-11-15 07:51:11'),
(1147, 96, '001', 'L Q G 5293048', 'તાહીરભાઈ', 'રફીકભાઈ', 'આગલોડીયા', 2, 2, 2, '1986-01-05 00:00:00', 28, 3, '', '2', 2, '1', '0000-00-00 00:00:00', '0000-00-00 00:00:00', '0000-00-00 00:00:00', '0', '0', '2014-11-15 08:07:50'),
(1148, 96, '002', 'X F L 1815885', 'શાહીનબાનુ', 'તાહીરભાઈ', 'આગલોડીયા', 3, 3, 2, '1990-06-05 00:00:00', 23, 10, '', '2', 2, '1', '0000-00-00 00:00:00', '0000-00-00 00:00:00', '0000-00-00 00:00:00', '0', '0', '2014-11-15 08:07:50'),
(1149, 96, '003', 'N A', 'ઉસ્માન1રૂન', 'તાહીરભાઈ', 'આગલોડીયા', 5, 2, 3, '2013-03-18 00:00:00', 1, 1, 'શાહીનબાનુ', '5', 2, '1', '0000-00-00 00:00:00', '0000-00-00 00:00:00', '0000-00-00 00:00:00', '1', '0', '2014-11-15 08:07:50'),
(1150, 97, '001', 'G J/15/106 237283', 'ઈકબાલભાઈ', 'જમાલવજીર', 'દાંત્રોલીયા', 2, 2, 2, '1953-02-01 00:00:00', 61, 2, '', '2', 2, '1', '0000-00-00 00:00:00', '0000-00-00 00:00:00', '0000-00-00 00:00:00', '0', '0', '2014-11-15 08:24:20'),
(1151, 97, '002', 'G J/15/106 237458', 'જેંતુનબેન', 'ઈકબાલભાઈ', 'દાંત્રોલીયા', 3, 3, 2, '1958-03-04 00:00:00', 56, 1, '', '2', 2, '1', '0000-00-00 00:00:00', '0000-00-00 00:00:00', '0000-00-00 00:00:00', '0', '0', '2014-11-15 08:24:20'),
(1152, 97, '003', 'L Q G 1834209', 'સલ્ફરાજ', 'ઈકબાલભાઈ', 'દાંત્રોલીયા', 5, 2, 2, '1981-11-15 00:00:00', 32, 5, '', '2', 2, '1', '0000-00-00 00:00:00', '0000-00-00 00:00:00', '0000-00-00 00:00:00', '0', '0', '2014-11-15 08:24:20'),
(1153, 97, '004', 'L Q G 4200200', 'શાહીનબેન', 'સલ્ફરાજભાઈ', 'દાંત્રોલીયા', 7, 3, 2, '1983-09-08 00:00:00', 30, 7, '', '2', 2, '1', '0000-00-00 00:00:00', '0000-00-00 00:00:00', '0000-00-00 00:00:00', '0', '0', '2014-11-15 08:24:20'),
(1154, 97, '005', 'N A', 'સીફાબેન', 'સલ્ફરાજભાઈ', 'દાંત્રોલીયા', 21, 3, 3, '2003-04-27 00:00:00', 11, 0, '', '2', 2, '1', '0000-00-00 00:00:00', '0000-00-00 00:00:00', '0000-00-00 00:00:00', '0', '0', '2014-11-15 08:24:20'),
(1155, 97, '006', 'N A', 'મોહંમદશૈફ', 'સલ્ફરાજભાઈ', 'દાંત્રોલીયા', 8, 2, 3, '2004-12-02 00:00:00', 9, 4, '', '2', 2, '1', '0000-00-00 00:00:00', '0000-00-00 00:00:00', '0000-00-00 00:00:00', '0', '0', '2014-11-15 08:24:20'),
(1156, 98, '001', 'G J/15/106 237647', 'હલીમાબેન', 'ઈસ્માઈલભાઈ', 'દાંત્રોલીયા', 2, 3, 5, '1958-06-01 00:00:00', 55, 10, '', '2', 2, '1', '0000-00-00 00:00:00', '0000-00-00 00:00:00', '0000-00-00 00:00:00', '0', '0', '2014-11-15 08:32:39'),
(1157, 98, '002', 'L Q G 1843028', 'ઈમરાન', 'ઈસ્માઈલભાઈ', 'દાંત્રોલીયા', 5, 2, 2, '1982-05-25 00:00:00', 31, 11, '', '2', 2, '1', '0000-00-00 00:00:00', '0000-00-00 00:00:00', '0000-00-00 00:00:00', '0', '0', '2014-11-15 08:32:39'),
(1158, 98, '003', 'X F L 1699883', 'કૌશરબાનુ', 'ઈમરાનભાઈ', 'દાંત્રોલીયા', 7, 3, 2, '1987-02-06 00:00:00', 27, 2, '', '2', 2, '1', '0000-00-00 00:00:00', '0000-00-00 00:00:00', '0000-00-00 00:00:00', '0', '0', '2014-11-15 08:32:39'),
(1159, 98, '004', 'N A', 'મોહમદઆયમન', 'ઈમરાનભાઈ', 'દાંત્રોલીયા', 8, 2, 3, '2011-01-16 00:00:00', 3, 3, 'કૌશરબાનુ', '5', 2, '1', '0000-00-00 00:00:00', '0000-00-00 00:00:00', '0000-00-00 00:00:00', '0', '0', '2014-11-15 08:32:39'),
(1160, 99, '001', 'L Q G 5283981', 'યુનુસભાઈ', 'રહમતઅલી', 'મનસુરી', 2, 2, 2, '1968-11-15 00:00:00', 45, 5, '', '2', 2, '1', '0000-00-00 00:00:00', '0000-00-00 00:00:00', '0000-00-00 00:00:00', '0', '0', '2014-11-15 08:51:50'),
(1161, 99, '002', 'L Q G 4201323', 'સાયેદાબેન', 'યુનુસભાઈ', 'મનસુરી', 3, 3, 2, '1974-03-06 00:00:00', 40, 1, '', '2', 2, '1', '0000-00-00 00:00:00', '0000-00-00 00:00:00', '0000-00-00 00:00:00', '0', '0', '2014-11-15 08:51:50'),
(1162, 99, '003', 'X F L 1646371', 'ઈસરાકઅલી', 'યુનુસભાઈ', 'મનસુરી', 5, 2, 2, '1993-05-06 00:00:00', 20, 11, '', '2', 2, '1', '0000-00-00 00:00:00', '0000-00-00 00:00:00', '0000-00-00 00:00:00', '0', '0', '2014-11-15 08:51:50'),
(1163, 99, '004', 'N A', 'કલામુનીશા', 'ઈસરાકઅલી', 'મનસુરી', 7, 3, 2, '1993-04-01 00:00:00', 21, 0, '', '2', 2, '1', '0000-00-00 00:00:00', '0000-00-00 00:00:00', '0000-00-00 00:00:00', '0', '0', '2014-11-15 08:51:50'),
(1164, 99, '005', 'N A', 'ઈ2યત', 'ઈસરાકઅલી', 'મનસુરી', 8, 2, 3, '2014-04-08 00:00:00', 0, 0, 'કલામુનીશા', '5', 2, '1', '0000-00-00 00:00:00', '0000-00-00 00:00:00', '0000-00-00 00:00:00', '1', '0', '2014-11-15 08:51:50'),
(1165, 99, '006', 'N A', '2ઝીયાબાનુ', 'યુનુસભાઈ', 'મનસુરી', 6, 3, 3, '1996-02-11 00:00:00', 18, 2, '', '2', 2, '1', '0000-00-00 00:00:00', '0000-00-00 00:00:00', '0000-00-00 00:00:00', '0', '0', '2014-11-15 08:51:50'),
(1166, 99, '007', 'N A', 'ખુશબુબાનુ', 'યુનુસભાઈ', 'મનસુરી', 6, 3, 3, '1998-07-15 00:00:00', 15, 9, '', '6', 2, '1', '0000-00-00 00:00:00', '0000-00-00 00:00:00', '0000-00-00 00:00:00', '1', '0', '2014-11-15 08:51:50'),
(1167, 100, '001', 'G J/12/085 375720', 'અબ્દુલમસ્જીદ', 'એહમદભાઈ', 'મણિયાર', 2, 2, 2, '1971-02-21 00:00:00', 43, 2, '', '2', 2, '1', '0000-00-00 00:00:00', '0000-00-00 00:00:00', '0000-00-00 00:00:00', '0', '0', '2014-11-15 09:05:30'),
(1168, 100, '002', 'G J/12/085 375724', 'હમીદાબેન', 'અબ્દુલમસ્જીદ', 'મણિયાર', 3, 2, 2, '1973-01-01 00:00:00', 41, 3, '', '2', 2, '1', '0000-00-00 00:00:00', '0000-00-00 00:00:00', '0000-00-00 00:00:00', '0', '0', '2014-11-15 09:05:30'),
(1169, 100, '003', 'N A', 'અબ્દુલ1ફીજ', 'અબ્દુલમસ્જીદ', 'મણિયાર', 5, 2, 3, '1995-02-18 00:00:00', 19, 2, '', '2', 2, '1', '0000-00-00 00:00:00', '0000-00-00 00:00:00', '0000-00-00 00:00:00', '0', '0', '2014-11-15 09:05:30'),
(1170, 100, '004', 'N A', 'ફર12બાનુ', 'અબ્દુલમસ્જીદ', 'મણિયાર', 6, 3, 3, '1996-03-13 00:00:00', 18, 1, '', '2', 2, '1', '0000-00-00 00:00:00', '0000-00-00 00:00:00', '0000-00-00 00:00:00', '0', '0', '2014-11-15 09:05:30'),
(1171, 100, '005', 'N A', 'કેહકશાબાનુ', 'અબ્દુલમસ્જીદ', 'મણિયાર', 6, 3, 3, '1998-07-11 00:00:00', 15, 9, '', '6', 2, '1', '0000-00-00 00:00:00', '0000-00-00 00:00:00', '0000-00-00 00:00:00', '0', '0', '2014-11-15 09:05:30'),
(1172, 100, '006', 'N A', 'કૌશરબાનુ', 'અબ્દુલબાનુ', 'મણિયાર', 6, 3, 3, '2000-04-22 00:00:00', 14, 0, '', '6', 2, '1', '0000-00-00 00:00:00', '0000-00-00 00:00:00', '0000-00-00 00:00:00', '0', '0', '2014-11-15 09:05:30'),
(1173, 100, '007', 'N A', 'ઉજમાબાનુ', 'અબ્દુલમસ્જીદ', 'મણિયાર', 6, 3, 3, '2011-09-15 00:00:00', 2, 7, 'હમીદાબેન', '5', 2, '1', '0000-00-00 00:00:00', '0000-00-00 00:00:00', '0000-00-00 00:00:00', '1', '1', '2014-11-15 09:05:30'),
(1174, 101, '001', '649877638484', 'શીવગીરી', 'રામગીરી', 'ગોસ્વામી', 2, 2, 2, '1976-07-30 00:00:00', 37, 9, '', '2', 2, '1', '0000-00-00 00:00:00', '0000-00-00 00:00:00', '0000-00-00 00:00:00', '0', '0', '2014-11-15 09:18:29'),
(1175, 101, '002', '700415899807', 'ગીતાબેન', 'શીવગીરી', 'ગોસ્વામી', 3, 3, 2, '1977-08-03 00:00:00', 36, 8, '', '2', 2, '1', '0000-00-00 00:00:00', '0000-00-00 00:00:00', '0000-00-00 00:00:00', '0', '0', '2014-11-15 09:18:29'),
(1176, 101, '003', '725579496502', 'દશૅનકુમાર', 'શીવગીરી', 'ગૌસ્વામી', 5, 2, 3, '2002-02-15 00:00:00', 12, 2, '', '2', 2, '1', '0000-00-00 00:00:00', '0000-00-00 00:00:00', '0000-00-00 00:00:00', '0', '0', '2014-11-15 09:18:29'),
(1177, 101, '004', '458747098842', 'દીશાબેન', 'શીવગીરી', 'ગોસ્વામી', 6, 3, 3, '2005-03-11 00:00:00', 9, 1, '', '6', 2, '1', '0000-00-00 00:00:00', '0000-00-00 00:00:00', '0000-00-00 00:00:00', '0', '0', '2014-11-15 09:18:29'),
(1178, 102, '001', 'G J/15/106 237707', 'રફીકભાઈ', 'સદીકભાઈ', 'ડોડીયા', 2, 2, 2, '1975-10-12 00:00:00', 38, 6, '', '2', 2, '1', '0000-00-00 00:00:00', '0000-00-00 00:00:00', '0000-00-00 00:00:00', '0', '0', '2014-11-15 09:26:04'),
(1179, 102, '002', 'L Q G 1836436', 'ફરજા2બાનુ', 'રફીકભાઈ', 'ડોડીયા', 3, 3, 2, '1986-08-05 00:00:00', 27, 8, '', '2', 2, '1', '0000-00-00 00:00:00', '0000-00-00 00:00:00', '0000-00-00 00:00:00', '0', '0', '2014-11-15 09:26:04'),
(1180, 102, '003', 'N A', 'અલ્ફીયાબાનુ', 'રફીકભાઈ', 'ડોડીયા', 6, 3, 3, '2002-02-28 00:00:00', 12, 2, '', '6', 2, '1', '0000-00-00 00:00:00', '0000-00-00 00:00:00', '0000-00-00 00:00:00', '0', '0', '2014-11-15 09:26:04'),
(1181, 102, '004', 'N A', 'સાકીબ', 'રફીકભાઈ', 'ડોડીયા', 5, 2, 3, '2005-11-11 00:00:00', 8, 5, '', '6', 2, '1', '0000-00-00 00:00:00', '0000-00-00 00:00:00', '0000-00-00 00:00:00', '0', '0', '2014-11-15 09:26:04'),
(1182, 103, '001', 'G J/15/106 237470', 'લક્ષ્મીબેન', 'અંબાલાલ', 'પ્રજાપતિ', 2, 3, 2, '1953-04-06 00:00:00', 61, 0, '', '2', 2, '1', '0000-00-00 00:00:00', '0000-00-00 00:00:00', '0000-00-00 00:00:00', '0', '0', '2014-11-15 09:53:32'),
(1183, 103, '002', 'G J/15/106 237391', 'મનેશભાઈ', 'અંબાલાલ', 'પ્રજાપતિ', 5, 2, 2, '1972-12-11 00:00:00', 41, 4, '', '2', 2, '1', '0000-00-00 00:00:00', '0000-00-00 00:00:00', '0000-00-00 00:00:00', '0', '0', '2014-11-15 09:53:32'),
(1184, 103, '003', 'G J/15/106 237471', 'તારાબેન', 'મનેશભાઈ', 'પ્રજાપતિ', 7, 3, 2, '1975-07-20 00:00:00', 38, 9, '', '2', 2, '1', '0000-00-00 00:00:00', '0000-00-00 00:00:00', '0000-00-00 00:00:00', '0', '0', '2014-11-15 09:53:32'),
(1185, 103, '004', '443269930217', 'વત્સલ', 'મનેશભાઈ', 'પ્રજાપતિ', 8, 2, 3, '1996-07-12 00:00:00', 17, 9, '', '2', 2, '1', '0000-00-00 00:00:00', '0000-00-00 00:00:00', '0000-00-00 00:00:00', '0', '0', '2014-11-15 09:53:32'),
(1186, 103, '005', '817094371843', 'અલ્પેશભાઈ', 'મનેશભાઈ', 'પ્રજાપતિ', 8, 2, 3, '1998-10-05 00:00:00', 15, 6, '', '6', 2, '1', '0000-00-00 00:00:00', '0000-00-00 00:00:00', '0000-00-00 00:00:00', '0', '0', '2014-11-15 09:53:32'),
(1187, 104, '001', 'G J/15/106 237610', 'પ્રકાશભાઈ', 'અંબાલાલ', 'પ્રજાપતિ', 2, 2, 2, '1977-03-02 00:00:00', 37, 1, '', '2', 2, '1', '0000-00-00 00:00:00', '0000-00-00 00:00:00', '0000-00-00 00:00:00', '0', '0', '2014-11-15 10:01:02'),
(1188, 104, '002', 'L Q G 1835701', 'ચંપાબેન', 'પ્રકાશભાઈ', 'પ્રજાપતિ', 3, 3, 2, '1981-02-26 00:00:00', 33, 2, '', '2', 2, '1', '0000-00-00 00:00:00', '0000-00-00 00:00:00', '0000-00-00 00:00:00', '0', '0', '2014-11-15 10:01:02'),
(1189, 104, '003', '404206344974', 'નિકુજં', 'પ્રકાશભાઈ', 'પ્રજાપતિ', 5, 2, 3, '1999-06-27 00:00:00', 14, 10, '', '2', 2, '1', '0000-00-00 00:00:00', '0000-00-00 00:00:00', '0000-00-00 00:00:00', '0', '0', '2014-11-15 10:01:02'),
(1190, 104, '004', '501101389712', 'શુભમ', 'પ્રકાશભાઈ', 'પ્રજાપતિ', 5, 2, 3, '2002-06-02 00:00:00', 11, 10, '', '2', 2, '1', '0000-00-00 00:00:00', '0000-00-00 00:00:00', '0000-00-00 00:00:00', '0', '0', '2014-11-15 10:01:02'),
(1191, 105, '001', 'G J/15/106 237478', 'રામભાઈ', 'જોંઈતભાઈ', 'પ્રજાપતિ', 2, 2, 5, '1939-07-04 00:00:00', 74, 9, '', '2', 2, '1', '0000-00-00 00:00:00', '0000-00-00 00:00:00', '0000-00-00 00:00:00', '0', '0', '2014-11-15 10:19:12'),
(1192, 105, '002', 'G J/15/106 237494', 'રાજેશકુમાર', 'રામભાઈ', 'પ્રજાપતિ', 5, 2, 2, '1972-07-06 00:00:00', 41, 9, '', '2', 2, '1', '0000-00-00 00:00:00', '0000-00-00 00:00:00', '0000-00-00 00:00:00', '0', '0', '2014-11-15 10:19:12'),
(1193, 105, '003', 'G J/15/106 237622', 'ચંદિ્કાબેન', 'રાજેશભાઈ', 'પ્રજાપતિ', 7, 3, 2, '1974-01-01 00:00:00', 40, 3, '', '2', 2, '1', '0000-00-00 00:00:00', '0000-00-00 00:00:00', '0000-00-00 00:00:00', '0', '0', '2014-11-15 10:19:12'),
(1194, 105, '004', 'X F L 1809318', 'મિતલબેન', 'રાજેશભાઈ', 'પ્રજાપતિ', 21, 3, 3, '1994-03-18 00:00:00', 20, 1, '', '2', 2, '1', '0000-00-00 00:00:00', '0000-00-00 00:00:00', '0000-00-00 00:00:00', '0', '0', '2014-11-15 10:19:12'),
(1195, 105, '005', 'N A', 'મિતેશ', 'રાજેશભાઈ', 'પ્રજાપતિ', 8, 2, 3, '1995-08-21 00:00:00', 18, 8, '', '2', 2, '1', '0000-00-00 00:00:00', '0000-00-00 00:00:00', '0000-00-00 00:00:00', '0', '0', '2014-11-15 10:19:12'),
(1196, 105, '006', '577533327671', 'દશન', 'રાજેશભાઈ', 'પ્રજાપતિ', 8, 2, 3, '1999-03-18 00:00:00', 15, 1, '', '2', 2, '1', '0000-00-00 00:00:00', '0000-00-00 00:00:00', '0000-00-00 00:00:00', '0', '0', '2014-11-15 10:19:12'),
(1197, 95, '001', 'G J/15/106 237247', 'યાકુબભાઈ', 'અબ્દુલભાઈ', 'વિજાપુરા', 2, 2, 2, '1954-01-06 00:00:00', 59, 10, '', '2', 2, '1', '0000-00-00 00:00:00', '0000-00-00 00:00:00', '0000-00-00 00:00:00', '0', '0', '2014-11-15 12:10:21'),
(1198, 95, '002', 'G J/15/106 237296', 'બદરૂનબેન', 'યાકુબભાઈ', 'વિજાપુરા', 3, 3, 2, '1957-01-06 00:00:00', 56, 10, '', '2', 2, '1', '0000-00-00 00:00:00', '0000-00-00 00:00:00', '0000-00-00 00:00:00', '0', '0', '2014-11-15 12:10:21'),
(1199, 95, '003', 'X F L 1444785', 'અસદભાઈ', 'યાકુબભાઈ', 'વિજાપુરા', 5, 2, 2, '1970-01-01 00:00:00', 26, 3, '', '2', 2, '1', '0000-00-00 00:00:00', '0000-00-00 00:00:00', '0000-00-00 00:00:00', '0', '0', '2014-11-15 12:10:21'),
(1200, 95, '004', ' X F L0530410', 'તસ્લીમબેન', 'અસદભાઈ', 'વિજાપુરા', 7, 3, 2, '1970-01-01 00:00:00', 26, 2, '', '2', 2, '1', '0000-00-00 00:00:00', '0000-00-00 00:00:00', '0000-00-00 00:00:00', '0', '0', '2014-11-15 12:10:21'),
(1201, 95, '005', 'N A', 'મોહમદઈલાન', 'અસદભાઈ', 'વિજાપુરા', 8, 2, 3, '2010-03-10 00:00:00', 3, 6, 'તસ્લીમબેન', '5', 2, '1', '0000-00-00 00:00:00', '0000-00-00 00:00:00', '0000-00-00 00:00:00', '1', '1', '2014-11-15 12:10:21'),
(1202, 106, '001', 'G J /15/106 237363', 'ઈકબાલભાઈ', 'વલીભાઈ', 'દાંત્રોલીયા', 2, 2, 2, '1971-04-20 00:00:00', 43, 0, '', '2', 2, '1', '0000-00-00 00:00:00', '0000-00-00 00:00:00', '0000-00-00 00:00:00', '0', '0', '2014-11-15 12:22:49'),
(1203, 106, '002', ' L Q R 1842996', 'કુલસુમબેન', 'ઈકબાલભાઈ', 'દાંત્રોલીયા', 3, 3, 2, '1972-04-25 00:00:00', 42, 0, '', '2', 2, '1', '0000-00-00 00:00:00', '0000-00-00 00:00:00', '0000-00-00 00:00:00', '0', '0', '2014-11-15 12:22:49'),
(1204, 106, '003', 'N A', 'ઈ2મૂલ', 'ઈકબાલભાઈ', 'દાત્રોલીયા', 5, 2, 3, '1999-05-28 00:00:00', 14, 11, '', '2', 2, '1', '0000-00-00 00:00:00', '0000-00-00 00:00:00', '0000-00-00 00:00:00', '0', '0', '2014-11-15 12:22:49'),
(1205, 106, '004', 'N A', 'અલીશા', 'ઈકબાલભાઈ', 'દાંત્રોલીયા', 5, 2, 3, '2004-08-28 00:00:00', 9, 8, '', '2', 2, '1', '0000-00-00 00:00:00', '0000-00-00 00:00:00', '0000-00-00 00:00:00', '0', '0', '2014-11-15 12:22:49'),
(1206, 107, '001', 'G J/15/106 237208', 'મુસતાકભાઈ', 'વલીભાઈ', 'દાંત્રોલીયા', 2, 2, 2, '1963-01-01 00:00:00', 51, 3, '', '2', 2, '1', '0000-00-00 00:00:00', '0000-00-00 00:00:00', '0000-00-00 00:00:00', '0', '0', '2014-11-15 12:22:51'),
(1207, 107, '002', 'G J/15/106 237151', 'સખી2બેન', 'મુસતાકભાઈ', 'દાંત્રોલીયા', 3, 3, 2, '1963-04-12 00:00:00', 51, 0, '', '2', 2, '1', '0000-00-00 00:00:00', '0000-00-00 00:00:00', '0000-00-00 00:00:00', '0', '0', '2014-11-15 12:22:51'),
(1208, 107, '003', 'X F L 1444843', 'મોહમદસદામ', 'મુસતાકભાઈ', 'દાંત્રોલીયા', 5, 2, 2, '1991-01-02 00:00:00', 23, 3, '', '2', 2, '1', '0000-00-00 00:00:00', '0000-00-00 00:00:00', '0000-00-00 00:00:00', '0', '0', '2014-11-15 12:22:51'),
(1209, 107, '004', 'N A', 'ફરહીનબેન', 'મોહમદસદામ', 'દાંત્રોલીયા', 7, 3, 2, '1993-04-06 00:00:00', 21, 0, '', '3', 2, '1', '0000-00-00 00:00:00', '0000-00-00 00:00:00', '0000-00-00 00:00:00', '1', '0', '2014-11-15 12:22:51'),
(1210, 108, '001', 'G J/15/106 237373', 'શરીફભાઈ', 'ઈબ્રાહીમભાઈ', 'દાંત્રોલીયા', 2, 2, 2, '1957-11-05 00:00:00', 56, 5, '', '2', 2, '1', '0000-00-00 00:00:00', '0000-00-00 00:00:00', '0000-00-00 00:00:00', '0', '0', '2014-11-15 12:22:52'),
(1211, 108, '002', 'G J/15/106 237456', 'ફાતેમાબેન', 'શરીફભાઈ', 'દાંત્રોલીયા', 3, 3, 2, '1953-06-01 00:00:00', 60, 10, '', '2', 2, '1', '0000-00-00 00:00:00', '0000-00-00 00:00:00', '0000-00-00 00:00:00', '0', '0', '2014-11-15 12:22:52'),
(1212, 108, '003', 'L Q G 1834522', 'મોહંમદ', 'શરીફભાઈ', 'દાંત્રોલીયા', 5, 2, 2, '1982-10-07 00:00:00', 31, 6, '', '2', 2, '1', '0000-00-00 00:00:00', '0000-00-00 00:00:00', '0000-00-00 00:00:00', '0', '0', '2014-11-15 12:22:52'),
(1213, 108, '004', 'L Q G 184349', 'સુમૈયાબેન', 'મોહંમદભાઈ', 'દાંત્રોલીયા', 7, 3, 2, '1983-04-21 00:00:00', 31, 0, '', '2', 2, '1', '0000-00-00 00:00:00', '0000-00-00 00:00:00', '0000-00-00 00:00:00', '0', '0', '2014-11-15 12:22:52'),
(1214, 108, '005', 'N A', 'શાહીનબેન', 'મોહંમદભાઈ', 'દાંત્રોલીયા', 8, 2, 3, '2005-06-04 00:00:00', 8, 10, '', '2', 2, '1', '0000-00-00 00:00:00', '0000-00-00 00:00:00', '0000-00-00 00:00:00', '0', '0', '2014-11-15 12:22:52'),
(1215, 108, '006', 'N A', 'અયાન', 'મોહંમદ', 'દાંત્રોલીયા', 8, 2, 3, '2008-09-02 00:00:00', 5, 7, '', '5', 2, '1', '0000-00-00 00:00:00', '0000-00-00 00:00:00', '0000-00-00 00:00:00', '0', '0', '2014-11-15 12:22:52'),
(1216, 109, '001', 'G J/15/106 237157', 'વલીભાઈ', 'જમાલવજીર', 'દાંત્રોલીયા', 2, 2, 2, '1961-06-01 00:00:00', 52, 10, '', '2', 2, '1', '0000-00-00 00:00:00', '0000-00-00 00:00:00', '0000-00-00 00:00:00', '0', '0', '2014-11-15 12:22:54'),
(1217, 109, '002', 'L Q G 1840289', 'શાયરાબેન', 'વલીભાઈ', 'દાંત્રોલીયા', 3, 3, 2, '1965-06-01 00:00:00', 48, 10, '', '2', 2, '1', '0000-00-00 00:00:00', '0000-00-00 00:00:00', '0000-00-00 00:00:00', '0', '0', '2014-11-15 12:22:54'),
(1218, 109, '003', 'X F L 18877551', 'રાહીલબાનુ', 'વલીભાઈ', 'દાંત્રોલીયા', 6, 3, 3, '1994-11-19 00:00:00', 19, 5, '', '2', 2, '1', '0000-00-00 00:00:00', '0000-00-00 00:00:00', '0000-00-00 00:00:00', '0', '0', '2014-11-15 12:22:54'),
(1219, 109, '004', 'N A', 'મોંસીન', 'વલીભાઈ', 'દાંત્રોલીયા', 5, 2, 3, '1997-06-22 00:00:00', 16, 10, '', '2', 2, '1', '0000-00-00 00:00:00', '0000-00-00 00:00:00', '0000-00-00 00:00:00', '0', '0', '2014-11-15 12:22:54'),
(1220, 110, '001', 'L Q G 4199261', 'ઈરશાદ', 'વલીભાઈ', 'દાંત્રોલીયા', 2, 2, 2, '1987-12-25 00:00:00', 26, 4, '', '2', 2, '1', '0000-00-00 00:00:00', '0000-00-00 00:00:00', '0000-00-00 00:00:00', '0', '0', '2014-11-15 12:22:56'),
(1221, 110, '002', 'N A', 'સલમાબેન', 'ઈરશાદભાઈ', 'દાંત્રોલીયા', 3, 3, 2, '1990-01-01 00:00:00', 24, 3, '', '2', 2, '1', '0000-00-00 00:00:00', '0000-00-00 00:00:00', '0000-00-00 00:00:00', '0', '0', '2014-11-15 12:22:56'),
(1222, 110, '003', 'N A', 'મોહંમદહસન', 'ઈરશાદભાઈ', 'દાંત્રોલીયા', 5, 2, 3, '2012-11-01 00:00:00', 1, 5, 'સલમાબેન', '5', 2, '1', '0000-00-00 00:00:00', '0000-00-00 00:00:00', '0000-00-00 00:00:00', '0', '0', '2014-11-15 12:22:56'),
(1223, 111, '001', 'G J/15/106 237430', 'હિફઝુરરહેમાન', 'જમાલવજીર', 'દાંત્રોલીયા', 2, 2, 2, '1967-05-01 00:00:00', 46, 11, '', '2', 2, '1', '0000-00-00 00:00:00', '0000-00-00 00:00:00', '0000-00-00 00:00:00', '0', '0', '2014-11-15 12:22:57'),
(1224, 111, '002', 'G J/15/106 237481', 'સુફીયાબેન', 'હિફઝરરહેમાન', 'દાંત્રોલીયા', 3, 3, 2, '1962-06-01 00:00:00', 51, 10, '', '2', 2, '1', '0000-00-00 00:00:00', '0000-00-00 00:00:00', '0000-00-00 00:00:00', '0', '0', '2014-11-15 12:22:57'),
(1225, 111, '003', 'N A', 'સલમાન', 'હિફઝરરહેમાન', 'દાંત્રોલીયા', 5, 2, 3, '1991-10-30 00:00:00', 22, 6, '', '2', 2, '1', '0000-00-00 00:00:00', '0000-00-00 00:00:00', '0000-00-00 00:00:00', '0', '0', '2014-11-15 12:22:57'),
(1226, 111, '004', 'X F L 1809235', 'અક્રમ', 'હિફઝુરરહેમાન', 'દાંત્રોલીયા', 5, 2, 3, '1993-11-21 00:00:00', 20, 5, '', '2', 2, '1', '0000-00-00 00:00:00', '0000-00-00 00:00:00', '0000-00-00 00:00:00', '0', '0', '2014-11-15 12:22:57'),
(1227, 112, '001', 'G J/15/106 237255', 'ઉરીબેન', 'ઈબ્રાહીમભાઈ', 'દાંત્રોલીયા', 2, 3, 5, '1942-06-01 00:00:00', 71, 10, '', '2', 2, '1', '0000-00-00 00:00:00', '0000-00-00 00:00:00', '0000-00-00 00:00:00', '0', '0', '2014-11-15 12:22:58'),
(1228, 112, '002', 'G J/15/106 237639', 'ગુલામમોહંમદ', 'ઈબ્રાહીમભાઈ', 'દાત્રોલીયા', 5, 2, 2, '1974-06-01 00:00:00', 39, 10, '', '2', 2, '1', '0000-00-00 00:00:00', '0000-00-00 00:00:00', '0000-00-00 00:00:00', '0', '0', '2014-11-15 12:22:58'),
(1229, 112, '003', 'L Q G 1834393', 'આબેદાબેન', 'ગુલામમોહંમદ', 'દાંત્રોલીયા', 7, 3, 2, '1976-06-01 00:00:00', 37, 10, '', '3', 2, '1', '0000-00-00 00:00:00', '0000-00-00 00:00:00', '0000-00-00 00:00:00', '1', '0', '2014-11-15 12:22:58'),
(1230, 112, '004', 'N A', 'અમન', 'ગુલામમોહંમદ', 'દાંત્રોલીયા', 8, 2, 3, '2000-02-23 00:00:00', 14, 2, '', '2', 2, '1', '0000-00-00 00:00:00', '0000-00-00 00:00:00', '0000-00-00 00:00:00', '0', '0', '2014-11-15 12:22:58'),
(1231, 113, '001', 'G J/15/106 282849', 'રસીદભાઈ', 'ઈબ્રાહીમભાઈ', 'દાંત્રોલીયા', 2, 2, 2, '1968-05-01 00:00:00', 45, 11, '', '2', 2, '1', '0000-00-00 00:00:00', '0000-00-00 00:00:00', '0000-00-00 00:00:00', '0', '0', '2014-11-15 12:22:59'),
(1232, 113, '002', 'G J/15/106 237670', 'રહીયા2બેન', 'રસીદભાઈ', 'દાંત્રોલીયા', 3, 3, 2, '1976-06-01 00:00:00', 37, 10, '', '2', 2, '1', '0000-00-00 00:00:00', '0000-00-00 00:00:00', '0000-00-00 00:00:00', '0', '0', '2014-11-15 12:22:59'),
(1233, 113, '003', 'N A', 'અમીરસોહેલ', 'રસીદભાઈ', 'દાંત્રોલીયા', 5, 2, 3, '1995-02-27 00:00:00', 19, 2, '', '2', 2, '1', '0000-00-00 00:00:00', '0000-00-00 00:00:00', '0000-00-00 00:00:00', '0', '0', '2014-11-15 12:22:59'),
(1234, 113, '004', 'N A', 'અમરીનબાનુ', 'રસીદભાઈ', 'દાંત્રોલીયા', 6, 3, 3, '1998-11-28 00:00:00', 15, 5, '', '2', 2, '1', '0000-00-00 00:00:00', '0000-00-00 00:00:00', '0000-00-00 00:00:00', '0', '0', '2014-11-15 12:22:59');
INSERT INTO `tbl_family_person` (`family_person_id`, `family_id`, `person_rank`, `uid_aadharnumber`, `first_name`, `middle_name`, `last_name`, `relation_with_main_person`, `gender`, `merridial_status`, `birth_date`, `ageIn_year`, `ageIn_month`, `mother_name`, `lakshyank_code`, `khodkhapan_type`, `anganwadi_kendra_vistar_rehvasi`, `gam_shift_date`, `gam_out_shift_date`, `die_date`, `purak_aahar`, `purv_prathmik_shikshan`, `create_date`) VALUES
(1235, 114, '001', 'G J/15/106 237078', 'ઈલીયાસભાઈ', 'વલીભાઈ', 'ખણુશીયા', 2, 2, 2, '1974-01-15 00:00:00', 40, 3, '', '2', 2, '1', '0000-00-00 00:00:00', '0000-00-00 00:00:00', '0000-00-00 00:00:00', '0', '0', '2014-11-15 12:23:03'),
(1236, 114, '002', 'L Q G 4200440', 'રીઝવા2બેન', 'વલીભાઈ', 'ખણુશીયા', 3, 3, 2, '1983-05-15 00:00:00', 30, 11, '', '2', 2, '1', '0000-00-00 00:00:00', '0000-00-00 00:00:00', '0000-00-00 00:00:00', '0', '0', '2014-11-15 12:23:03'),
(1237, 114, '003', 'N A', 'ઇરમબાનુ', 'ઈલીયાસભાઈ', 'ખણુશીયા', 6, 3, 3, '2001-03-08 00:00:00', 13, 1, '', '6', 2, '1', '0000-00-00 00:00:00', '0000-00-00 00:00:00', '0000-00-00 00:00:00', '0', '0', '2014-11-15 12:23:03'),
(1238, 114, '004', 'N A', 'મોહંમદઅદ2ન', 'ઈલીયાસભાઈ', 'ખણુશીયા', 5, 2, 3, '2003-02-17 00:00:00', 11, 2, '', '2', 2, '1', '0000-00-00 00:00:00', '0000-00-00 00:00:00', '0000-00-00 00:00:00', '0', '0', '2014-11-15 12:23:03'),
(1239, 115, '001', 'G J/15/106 237047', 'નસીરભાઈ', 'દાઉદભાઈ', 'વિજાપુરા', 2, 2, 2, '1944-06-01 00:00:00', 69, 10, '', '2', 2, '1', '0000-00-00 00:00:00', '0000-00-00 00:00:00', '0000-00-00 00:00:00', '0', '0', '2014-11-15 12:23:05'),
(1240, 115, '002', 'G J/15/106 267738', 'અમી2બેન', 'નસીરભાઈ', 'વિજાપુરા', 3, 3, 2, '1946-06-01 00:00:00', 67, 10, '', '2', 2, '1', '0000-00-00 00:00:00', '0000-00-00 00:00:00', '0000-00-00 00:00:00', '0', '0', '2014-11-15 12:23:05'),
(1241, 115, '003', 'G J/15/106 282778', 'સોંકતભાઈ', 'નસીરભાઈ', 'વિજાપુરા', 5, 2, 2, '1965-05-05 00:00:00', 48, 11, '', '2', 2, '1', '0000-00-00 00:00:00', '0000-00-00 00:00:00', '0000-00-00 00:00:00', '0', '0', '2014-11-15 12:23:05'),
(1242, 115, '004', 'G J/15/106 237206', 'રહેમતબેન', 'સોંકતભાઈ', 'વિજાપુરા', 7, 3, 2, '1966-03-22 00:00:00', 48, 1, '', '2', 2, '1', '0000-00-00 00:00:00', '0000-00-00 00:00:00', '0000-00-00 00:00:00', '0', '0', '2014-11-15 12:23:05'),
(1243, 115, '005', 'L Q G 4199675', 'સલમાન', 'સોંકતભાઈ', 'વિજાપુરા', 8, 2, 2, '1986-12-30 00:00:00', 27, 4, '', '2', 2, '1', '0000-00-00 00:00:00', '0000-00-00 00:00:00', '0000-00-00 00:00:00', '0', '0', '2014-11-15 12:23:05'),
(1244, 115, '006', 'N A', 'શાહીનબેન', 'સોંકતભાઈ', 'વિજાપુરા', 7, 3, 2, '1989-04-22 00:00:00', 25, 0, '', '2', 2, '1', '0000-00-00 00:00:00', '0000-00-00 00:00:00', '0000-00-00 00:00:00', '0', '0', '2014-11-15 12:23:05'),
(1245, 115, '007', 'N A', 'મોહંમદ', 'સોંકતભાઈ', 'વિજાપુરા', 8, 2, 3, '1997-03-28 00:00:00', 17, 1, '', '2', 2, '1', '0000-00-00 00:00:00', '0000-00-00 00:00:00', '0000-00-00 00:00:00', '0', '0', '2014-11-15 12:23:06'),
(1246, 115, '008', 'N A', 'આલીયાબાનુ', 'સલમાનભાઈ', 'વિજાપુરા', 12, 3, 3, '2010-05-19 00:00:00', 3, 11, 'શાહીનબેન', '5', 2, '1', '0000-00-00 00:00:00', '0000-00-00 00:00:00', '0000-00-00 00:00:00', '0', '0', '2014-11-15 12:23:06'),
(1248, 32, '123', 'gkfjjk', 'Rkkfkk', 'Fjfj', 'Ffnnfn', 2, 2, 3, '2014-09-11 00:00:00', 0, -6, 'Fjjfj', '5', 5, '1', '0000-00-00 00:00:00', '0000-00-00 00:00:00', '0000-00-00 00:00:00', '1', '1', '2014-11-15 15:06:56');

-- --------------------------------------------------------

--
-- Table structure for table `tbl_gender`
--

CREATE TABLE IF NOT EXISTS `tbl_gender` (
  `id` int(11) unsigned NOT NULL AUTO_INCREMENT,
  `name` varchar(50) DEFAULT NULL,
  `name_guj` varchar(255) DEFAULT NULL,
  PRIMARY KEY (`id`)
) ENGINE=InnoDB  DEFAULT CHARSET=utf8 AUTO_INCREMENT=5 ;

--
-- Dumping data for table `tbl_gender`
--

INSERT INTO `tbl_gender` (`id`, `name`, `name_guj`) VALUES
(1, NULL, 'પસંદ કરો'),
(2, NULL, 'પુરૂષ'),
(3, NULL, 'સ્ત્રી'),
(4, NULL, 'ટ્રાન્સજેન્ડર');

-- --------------------------------------------------------

--
-- Table structure for table `tbl_handicap`
--

CREATE TABLE IF NOT EXISTS `tbl_handicap` (
  `id` int(11) unsigned NOT NULL AUTO_INCREMENT,
  `name` varchar(50) DEFAULT NULL,
  `name_guj` varchar(255) DEFAULT NULL,
  PRIMARY KEY (`id`)
) ENGINE=InnoDB  DEFAULT CHARSET=utf8 AUTO_INCREMENT=7 ;

--
-- Dumping data for table `tbl_handicap`
--

INSERT INTO `tbl_handicap` (`id`, `name`, `name_guj`) VALUES
(1, NULL, 'પસંદ કરો'),
(2, NULL, 'હલનચલન'),
(3, NULL, 'માનસિક'),
(4, NULL, 'અંધાપો'),
(5, NULL, 'બહેરાશ'),
(6, NULL, 'મૂંગાપણું');

-- --------------------------------------------------------

--
-- Table structure for table `tbl_malformationtype`
--

CREATE TABLE IF NOT EXISTS `tbl_malformationtype` (
  `id` int(11) unsigned NOT NULL AUTO_INCREMENT,
  `name` varchar(50) DEFAULT NULL,
  `name_guj` varchar(255) DEFAULT NULL,
  PRIMARY KEY (`id`)
) ENGINE=InnoDB  DEFAULT CHARSET=utf8 AUTO_INCREMENT=8 ;

--
-- Dumping data for table `tbl_malformationtype`
--

INSERT INTO `tbl_malformationtype` (`id`, `name`, `name_guj`) VALUES
(1, NULL, 'પસંદ કરો'),
(2, NULL, 'કોઈ ખોડખાંપણ નથી'),
(3, NULL, 'હલનચલન'),
(4, NULL, 'માનસિક'),
(5, NULL, 'અંધાપો'),
(6, NULL, 'બહેરાશ'),
(7, NULL, 'મૂંગાપણું');

-- --------------------------------------------------------

--
-- Table structure for table `tbl_maritalstatus`
--

CREATE TABLE IF NOT EXISTS `tbl_maritalstatus` (
  `id` int(11) unsigned NOT NULL AUTO_INCREMENT,
  `name` varchar(50) DEFAULT NULL,
  `name_guj` varchar(255) DEFAULT NULL,
  PRIMARY KEY (`id`)
) ENGINE=InnoDB  DEFAULT CHARSET=utf8 AUTO_INCREMENT=7 ;

--
-- Dumping data for table `tbl_maritalstatus`
--

INSERT INTO `tbl_maritalstatus` (`id`, `name`, `name_guj`) VALUES
(1, NULL, 'પસંદ કરો'),
(2, NULL, 'પરિણીત'),
(3, NULL, 'અપરિણીત'),
(4, NULL, 'વિધુર'),
(5, NULL, 'વિધવા'),
(6, NULL, 'ત્યકતા');

-- --------------------------------------------------------

--
-- Table structure for table `tbl_place`
--

CREATE TABLE IF NOT EXISTS `tbl_place` (
  `id` int(11) unsigned NOT NULL AUTO_INCREMENT,
  `name` varchar(50) DEFAULT NULL,
  `name_guj` varchar(255) DEFAULT NULL,
  PRIMARY KEY (`id`)
) ENGINE=InnoDB  DEFAULT CHARSET=utf8 AUTO_INCREMENT=6 ;

--
-- Dumping data for table `tbl_place`
--

INSERT INTO `tbl_place` (`id`, `name`, `name_guj`) VALUES
(1, NULL, 'પસંદ કરો'),
(2, NULL, 'શેરી'),
(3, NULL, 'વાસ'),
(4, NULL, 'ફળીયું'),
(5, NULL, 'વોર્ડ');

-- --------------------------------------------------------

--
-- Table structure for table `tbl_relation`
--

CREATE TABLE IF NOT EXISTS `tbl_relation` (
  `id` int(11) unsigned NOT NULL AUTO_INCREMENT,
  `name` varchar(50) DEFAULT NULL,
  `name_guj` varchar(255) DEFAULT NULL,
  PRIMARY KEY (`id`)
) ENGINE=InnoDB  DEFAULT CHARSET=utf8 AUTO_INCREMENT=27 ;

--
-- Dumping data for table `tbl_relation`
--

INSERT INTO `tbl_relation` (`id`, `name`, `name_guj`) VALUES
(1, NULL, 'પસંદ કરો'),
(2, NULL, 'પોતે'),
(3, NULL, 'પત્નિ'),
(4, NULL, 'પતિ'),
(5, NULL, 'પુત્ર'),
(6, NULL, 'પુત્રી'),
(7, NULL, 'પુત્રવધૂ'),
(8, NULL, 'પૌત્ર'),
(9, NULL, 'પૌત્રવધુ'),
(10, NULL, 'પ્રપૌત્ર'),
(11, NULL, 'પ્રપૌત્રવધુ'),
(12, NULL, 'પ્રપૌત્રી'),
(13, NULL, 'જમાઈ'),
(14, NULL, 'ભાણેજ'),
(15, NULL, 'ભાણજી'),
(16, NULL, 'દોહિત્ર'),
(17, NULL, 'દોહિત્રી'),
(18, NULL, 'દતક પુત્ર'),
(19, NULL, 'દતક પુત્રી'),
(20, NULL, 'અનાથ'),
(21, NULL, 'પૌત્રી'),
(22, NULL, 'ભાઈ'),
(23, NULL, 'ભાભી'),
(24, NULL, 'બહેન'),
(25, NULL, 'ભત્રીજી'),
(26, NULL, 'ભત્રીજા');

-- --------------------------------------------------------

--
-- Table structure for table `tbl_religion`
--

CREATE TABLE IF NOT EXISTS `tbl_religion` (
  `id` int(11) unsigned NOT NULL AUTO_INCREMENT,
  `name` varchar(50) DEFAULT NULL,
  `name_guj` varchar(255) DEFAULT NULL,
  PRIMARY KEY (`id`)
) ENGINE=InnoDB  DEFAULT CHARSET=utf8 AUTO_INCREMENT=9 ;

--
-- Dumping data for table `tbl_religion`
--

INSERT INTO `tbl_religion` (`id`, `name`, `name_guj`) VALUES
(1, NULL, 'પસંદ કરો'),
(2, NULL, 'બુદ્ધ'),
(3, NULL, 'ખ્રિસ્તી'),
(4, NULL, 'હિંદુ'),
(5, NULL, 'ઇસ્લામ'),
(6, NULL, 'જૈન'),
(7, NULL, 'શીખ'),
(8, NULL, 'અન્ય');

-- --------------------------------------------------------

--
-- Table structure for table `tbl_targetcode`
--

CREATE TABLE IF NOT EXISTS `tbl_targetcode` (
  `id` int(11) unsigned NOT NULL AUTO_INCREMENT,
  `name` varchar(50) DEFAULT NULL,
  `name_guj` varchar(255) DEFAULT NULL,
  PRIMARY KEY (`id`)
) ENGINE=InnoDB  DEFAULT CHARSET=utf8 AUTO_INCREMENT=7 ;

--
-- Dumping data for table `tbl_targetcode`
--

INSERT INTO `tbl_targetcode` (`id`, `name`, `name_guj`) VALUES
(1, NULL, 'પસંદ કરો'),
(2, NULL, 'લાગુ નથી'),
(3, NULL, 'P- સગર્ભા'),
(4, NULL, 'L- ધાત્રી'),
(5, NULL, 'C- બાળક'),
(6, NULL, 'A- કિશોરી');

-- --------------------------------------------------------

--
-- Table structure for table `users`
--

CREATE TABLE IF NOT EXISTS `users` (
  `id` int(11) NOT NULL AUTO_INCREMENT,
  `first_name` varchar(255) DEFAULT NULL,
  `last_name` varchar(255) DEFAULT NULL,
  `email_addres` varchar(255) DEFAULT NULL,
  `user_name` varchar(255) DEFAULT NULL,
  `pass_word` varchar(32) DEFAULT NULL,
  PRIMARY KEY (`id`)
) ENGINE=InnoDB  DEFAULT CHARSET=utf8 AUTO_INCREMENT=2 ;

--
-- Dumping data for table `users`
--

INSERT INTO `users` (`id`, `first_name`, `last_name`, `email_addres`, `user_name`, `pass_word`) VALUES
(1, 'Admin', 'Admin', 'admin@webforclient.com', 'admin', '0192023a7bbd73250516f069df18b500');

--
-- Constraints for dumped tables
--

--
-- Constraints for table `tbl_family_person`
--
ALTER TABLE `tbl_family_person`
  ADD CONSTRAINT `tbl_family_person_ibfk_1` FOREIGN KEY (`family_id`) REFERENCES `tbl_family` (`family_id`) ON DELETE CASCADE ON UPDATE CASCADE;

/*!40101 SET CHARACTER_SET_CLIENT=@OLD_CHARACTER_SET_CLIENT */;
/*!40101 SET CHARACTER_SET_RESULTS=@OLD_CHARACTER_SET_RESULTS */;
/*!40101 SET COLLATION_CONNECTION=@OLD_COLLATION_CONNECTION */;
